team,fga_2,fgm_2,fga_3,fgm_3,fta,ftm,ast,blk,stl,tov,tov_team,dreb,oreb,f_tech,f_personal,team_score,opponent_team_score,largest_lead,ot_length_min_tot,rest_days,attendance,tz_dif_h_e,prev_game_dist,home_away_ns,travel_dist,win,fgr_2,fgr_3,ftr,win_pct,region,fga_2_final_scaled,fgm_2_final_scaled,fga_3_final_scaled,fgm_3_final_scaled,fta_final_scaled,ftm_final_scaled,ast_final_scaled,blk_final_scaled,stl_final_scaled,tov_final_scaled,tov_team_final_scaled,dreb_final_scaled,oreb_final_scaled,f_tech_final_scaled,f_personal_final_scaled,team_score_final_scaled,opponent_team_score_final_scaled,largest_lead_final_scaled,ot_length_min_tot_final_scaled,rest_days_final_scaled,attendance_final_scaled,tz_dif_h_e_final_scaled,prev_game_dist_final_scaled,home_away_ns_final_scaled,travel_dist_final_scaled,win_final_scaled,fgr_2_final_scaled,fgr_3_final_scaled,ftr_final_scaled,win_pct_final_scaled,performance_rating,offense_rating,defense_rating,extra_rating,OVR,Hybrid_OVR
akron_zips,39.25,18.821428571428573,18.75,6.0,16.964285714285715,11.785714285714286,14.392857142857142,3.5357142857142856,7.142857142857143,14.928571428571429,0.5,25.5,10.214285714285714,0.14285714285714285,15.571428571428571,67.42857142857143,66.71428571428571,11.535714285714286,5.799086757990868,4.509011674629963,907.2236440030557,-0.0008162837372315251,226.97330750188354,-0.10714285714285714,137.11111315723568,0.6071428571428571,0.4833663422161011,0.31764626359096876,0.704481385114777,0.6071428571428571,South,0.5807123034227568,0.687888198757764,0.3035714285714286,0.5000000000000001,0.41376306620209063,0.4209183673469387,0.6731245357761821,0.3928571428571428,0.44642857142857145,0.14821428571428574,0.09375,0.6346153846153846,0.48496240601503743,0.07142857142857142,0.46285714285714286,0.7154431922022542,0.25521669341894054,0.43019928966061566,0.08684863523573218,0.1747941305246621,0.09769721954151864,0.48007168899650443,0.06878887567138081,0.7034632034632036,0.0333089657006673,0.6071428571428571,0.7678860210243603,0.5999984978940521,0.7044813851147771,0.6071428571428571,60.71428571428571,48.912026312748765,31.17739159027417,23.86019323552273,33.29382454135526,44.262009010527436
app_state_mountaineers,33.16,17.04,27.6,7.8,18.2,11.64,12.72,2.64,9.36,19.64,0.92,26.84,11.0,0.12,17.88,69.12,68.12,12.92,5.9031963470319635,4.770093075585558,743.7704812834224,-0.04274271335709792,399.4602088042191,0.0,273.0888934722079,0.56,0.5118196527173544,0.2852515091369224,0.6305682936724892,0.56,South,0.40606845513413503,0.6104347826086955,0.5142857142857142,0.6500000000000001,0.44390243902439025,0.41571428571428565,0.5890467937608319,0.29333333333333333,0.585,0.266,0.17250000000000004,0.6861538461538461,0.5263157894736841,0.060000000000000005,0.5551999999999999,0.7385245202558637,0.2710112359550562,0.48182320441988946,0.10947890818858563,0.2308831329814456,0.07696438480279147,0.4024453581849272,0.17341574059122794,0.787878787878788,0.10294256956600256,0.56,0.8282163944360179,0.53880840614752,0.6305682936724893,0.56,56.00000000000001,52.447772959829166,67.7548585692341,64.93944790329724,62.906736242800974,60.14404174568059
austin_peay_governors,35.9,17.8,16.866666666666667,6.266666666666667,17.533333333333335,11.666666666666666,13.633333333333333,2.1333333333333333,7.233333333333333,16.2,0.9666666666666667,24.466666666666665,9.866666666666667,0.13333333333333333,17.7,66.06666666666666,59.5,15.566666666666666,5.745814307458144,3.975077562987965,821.1262032085561,0.06514293702383449,298.0043841710616,-0.06666666666666667,234.67407789350656,0.6333333333333333,0.49861299120203434,0.3762261874633172,0.6618870575016086,0.6333333333333333,South,0.48464384828862167,0.6434782608695652,0.25873015873015875,0.5222222222222223,0.4276422764227643,0.4166666666666666,0.634950895436164,0.23703703703703702,0.45208333333333334,0.18000000000000002,0.18125000000000002,0.5948717948717948,0.46666666666666656,0.06666666666666668,0.5479999999999999,0.6968585643212509,0.1741573033707865,0.5805248618784531,0.0752688172043012,0.060087255235824547,0.08677639071374281,0.6021944725794457,0.11187480745904153,0.7353535353535354,0.08327051693820522,0.6333333333333333,0.8002139298122432,0.710649465208488,0.6618870575016087,0.6333333333333333,63.33333333333333,57.94863188845807,19.946683004666568,14.958116250368505,28.019307215563803,42.14491766267162
ball_state_cardinals,33.58064516129032,17.677419354838708,27.161290322580644,8.709677419354838,14.774193548387096,10.419354838709678,15.774193548387096,3.193548387096774,7.709677419354839,13.709677419354838,0.7741935483870968,25.903225806451612,9.096774193548388,0.0,16.516129032258064,71.90322580645162,68.03225806451613,12.03225806451613,5.74753277360436,4.104913770633514,1136.420907365879,-0.06451612903225806,308.0202033879474,0.03225806451612903,288.2903225806452,0.6129032258064516,0.526137670906294,0.31785857271063583,0.7360533596794262,0.6129032258064516,South,0.4181313598519889,0.6381486676016829,0.5038402457757296,0.7258064516129032,0.36034618410700237,0.37211981566820274,0.742550455638173,0.3548387096774193,0.48185483870967744,0.11774193548387098,0.14516129032258066,0.6501240694789081,0.42614601018675713,0.0,0.5006451612903225,0.7765045739046703,0.27002537151141714,0.4487168062733916,0.07564235972144398,0.08798040788077009,0.1267692112044806,0.3621321146432668,0.1179501891625479,0.8132942326490714,0.11072715238734272,0.6129032258064516,0.8585753006102427,0.600399526231201,0.7360533596794263,0.6129032258064516,61.29032258064516,59.45352710926525,38.028791286808826,20.38738857381651,37.67317808796071,47.12003588503448
cleveland_state_vikings,39.48148148148148,18.037037037037038,19.333333333333332,6.0,22.77777777777778,16.11111111111111,11.814814814814815,4.185185185185185,9.666666666666666,16.037037037037038,0.9259259259259259,27.444444444444443,13.444444444444445,0.18518518518518517,15.0,70.18518518518519,59.96296296296296,17.14814814814815,5.769490952139353,4.564900995912554,542.6490394137453,0.03534400410055684,250.1159824122907,0.1111111111111111,172.8230495113036,0.7037037037037037,0.4545531614541901,0.304203223582832,0.6967823223528534,0.7037037037037037,South,0.5873505327714393,0.6537842190016103,0.31746031746031744,0.5000000000000001,0.5555555555555556,0.5753968253968252,0.5435522177289941,0.46502057613168724,0.6041666666666666,0.17592592592592599,0.17361111111111113,0.7094017094017093,0.654970760233918,0.0925925925925926,0.44,0.7530600963436785,0.17935913441531418,0.6395027624309393,0.08041540299604805,0.18680102288564032,0.051453605156080606,0.5470220706862429,0.08282672726157758,0.8754208754208754,0.0515968861504867,0.7037037037037037,0.7067926043385548,0.5746060889897938,0.6967823223528535,0.7037037037037037,70.37037037037037,51.496322574278906,79.59879584233596,66.90962034801075,68.20964209226145,69.07393340350501
coker_cobras,37.0,11.0,22.0,5.0,23.0,14.0,8.0,4.0,8.0,16.0,0.0,28.0,16.0,0.0,18.0,51.0,44.0,11.0,5.799086757990867,4.252326889638948,1329.1310160427809,-0.022855944642482702,469.6263050263696,0.0,381.11116840259876,1.0,0.2972972972972973,0.22727272727272727,0.6086956521739131,1.0,South,0.5161887141535616,0.34782608695652173,0.38095238095238093,0.41666666666666674,0.5609756097560976,0.4999999999999999,0.35181975736568455,0.4444444444444444,0.5,0.17500000000000002,0.0,0.7307692307692307,0.7894736842105261,0.0,0.5599999999999999,0.49125799573560774,0.0,0.4102209944751381,0.08684863523573198,0.11964966798047426,0.15121307493401642,0.4392654952920126,0.21597699374122892,0.787878787878788,0.1582602860613861,1.0,0.3733584682530424,0.4292929292929293,0.6086956521739132,1.0,100.0,0.0,72.24350593944388,44.199517803430666,44.47947778937264,66.68768667362357
dayton_flyers,42.69230769230769,18.384615384615383,17.0,5.8076923076923075,17.153846153846153,11.615384615384615,13.192307692307692,4.076923076923077,6.076923076923077,12.692307692307692,0.4230769230769231,29.53846153846154,12.653846153846153,0.15384615384615385,15.5,65.8076923076923,54.11538461538461,17.153846153846153,5.768352651914295,4.663551034216883,1342.1973467708763,-0.0008790747939416423,589.0240886548604,0.0,442.6923076923077,0.8461538461538461,0.42970018044233343,0.33474694649644426,0.6830671467973439,0.8461538461538461,South,0.6794278801679358,0.668896321070234,0.2619047619047619,0.48397435897435903,0.41838649155722324,0.41483516483516475,0.6127849620050659,0.45299145299145294,0.3798076923076923,0.09230769230769231,0.07932692307692307,0.7899408284023669,0.6133603238866395,0.07692307692307693,0.45999999999999996,0.6933245858618994,0.11365600691443384,0.639715257118572,0.08016797098682943,0.20799434504708508,0.15287044314347606,0.4799554320343834,0.28840113543028884,0.787878787878788,0.18979570787032313,0.8461538461538461,0.654096113194858,0.6322997878266169,0.683067146797344,0.8461538461538461,84.61538461538461,50.12916581297765,55.08862177468126,81.42000417426092,62.53255104159558,71.3656844711112
depaul_blue_demons,50.375,25.40625,25.0625,8.65625,15.0625,11.5,18.59375,3.5625,9.9375,13.84375,0.28125,25.15625,15.25,0.0,15.09375,88.28125,78.28125,18.6875,5.905393835616438,3.757885215301217,1491.6060327540108,-0.09375,844.332072032074,0.125,683.8125,0.6875,0.5037559923255184,0.34666909098952897,0.7764687295257632,0.6875,South,0.8997456059204441,0.9741847826086956,0.4538690476190476,0.7213541666666667,0.3673780487804878,0.41071428571428564,0.8842612651646446,0.3958333333333333,0.62109375,0.12109375000000001,0.052734375,0.6213942307692307,0.7499999999999998,0.0,0.44375,1.0,0.3851825842696629,0.6969095303867403,0.10995657568238215,0.013427086880636083,0.1718218390264181,0.30800591884696155,0.44326549723446607,0.8863636363636365,0.31327226349724707,0.6875,0.8111187831586648,0.6548193940913325,0.7764687295257633,0.6875,68.75,89.61220855281357,54.800415432959426,56.06769242681767,64.12681109655928,65.97608665793557
drake_bulldogs,35.4,19.3,24.166666666666668,7.866666666666666,16.9,12.466666666666667,18.9,4.266666666666667,7.233333333333333,17.666666666666668,0.5666666666666667,29.8,11.033333333333333,0.0,15.033333333333333,74.66666666666667,67.9,16.9,5.7724505327245055,4.175077562987965,1550.8754010695188,-0.06742853148808275,368.62929716930364,0.1,401.40370561341996,0.6,0.5473470989319088,0.32589092931490954,0.7474967310636647,0.6,South,0.4703052728954672,0.708695652173913,0.43253968253968256,0.6555555555555557,0.4121951219512195,0.44523809523809516,0.8996533795493933,0.47407407407407404,0.45208333333333334,0.21666666666666673,0.10625000000000001,0.8,0.5280701754385964,0.0,0.4413333333333333,0.8142146410803128,0.2685393258426967,0.6302486187845303,0.0810587262200166,0.10305393325385995,0.1793397236479714,0.35673983300750417,0.154714369051554,0.8666666666666668,0.16865200222477542,0.6,0.9035462614612357,0.6155717553726069,0.7474967310636648,0.6,60.0,90.06888516177406,66.07022074624848,42.198192780343874,64.31151076389416,62.58690645833649
eastern_illinois_panthers,42.233333333333334,19.366666666666667,17.733333333333334,5.633333333333334,16.233333333333334,12.3,15.633333333333333,1.4333333333333333,11.0,15.8,0.6,23.4,11.433333333333334,0.0,17.633333333333333,67.93333333333334,65.5,12.333333333333334,5.885844748858447,3.9084108963212985,711.7841354723708,-0.06742853148808275,450.92929716930365,0.0,829.5370389467533,0.5333333333333333,0.4581827271487821,0.3107527741531869,0.751460366844335,0.5333333333333333,South,0.6662658032685785,0.7115942028985507,0.27936507936507937,0.46944444444444455,0.39593495934959355,0.4392857142857142,0.7354708261120739,0.15925925925925924,0.6875,0.17000000000000004,0.1125,0.5538461538461538,0.5491228070175438,0.0,0.5453333333333333,0.7223312011371714,0.24157303370786515,0.4599447513812155,0.10570719602977656,0.04576502922981279,0.07290715146106762,0.35673983300750417,0.2046357886949529,0.787878787878788,0.38789713820083527,0.5333333333333333,0.7144884769740864,0.5869774622893531,0.7514603668443351,0.5333333333333333,53.333333333333336,52.08492196580352,44.00453911038227,34.22839777496682,42.837155480480355,47.035626621621546
green_bay_phoenix,34.84615384615385,15.307692307692308,22.307692307692307,7.038461538461538,12.846153846153847,10.076923076923077,14.26923076923077,2.5,7.115384615384615,13.615384615384615,0.8076923076923077,24.96153846153846,10.346153846153847,0.0,14.846153846153847,61.80769230769231,55.15384615384615,15.192307692307692,5.960660344221988,4.702012572678421,1497.097079391197,-0.11538461538461539,514.9087040394758,-0.11538461538461539,482.15384615384613,0.7307692307692307,0.4408239803672315,0.3269343668550336,0.7935590786626101,0.7307692307692307,South,0.45442254322920383,0.5351170568561873,0.38827838827838823,0.5865384615384616,0.3133208255159475,0.35989010989010983,0.6669110785228637,0.27777777777777773,0.44471153846153844,0.11538461538461539,0.1514423076923077,0.6139053254437868,0.4919028340080971,0.0,0.4338461538461539,0.6387403641134984,0.12532411408815902,0.5665639609009774,0.12196984157281918,0.2162571677428611,0.172518338014735,0.26794966254147307,0.24344432841429214,0.696969696969697,0.21000378253356944,0.7307692307692308,0.677682226423971,0.6175426929483967,0.7935590786626102,0.7307692307692308,73.07692307692307,48.21573298904502,9.39344906819963,48.51399388264073,32.27136695566874,48.59358940417047
illinois_state_redbirds,37.74193548387097,18.129032258064516,15.290322580645162,5.161290322580645,17.548387096774192,13.32258064516129,10.870967741935484,3.2580645161290325,5.354838709677419,13.387096774193548,0.5806451612903226,24.903225806451612,8.548387096774194,0.03225806451612903,15.419354838709678,65.06451612903226,63.0,10.548387096774194,5.799086757990867,4.137171835149643,885.9846472313266,-0.06525341756911235,287.28641661545515,-0.06451612903225806,316.713263496858,0.5806451612903226,0.4803049552683651,0.3409526317592571,0.7615679601328149,0.5806451612903226,South,0.5374653098982425,0.6577840112201963,0.2211981566820277,0.4301075268817205,0.4280094413847364,0.47580645161290314,0.4961144965617487,0.36200716845878134,0.3346774193548387,0.10967741935483873,0.1088709677419355,0.6116625310173697,0.39728353140916794,0.016129032258064516,0.4567741935483871,0.683183162528372,0.21348314606741572,0.39337907681340223,0.08684863523573198,0.09491051723851773,0.09500320859209498,0.3607670328944904,0.1053735175918755,0.737047898338221,0.12528241137055962,0.5806451612903226,0.761394874143355,0.6440216377674857,0.761567960132815,0.5806451612903226,58.06451612903226,34.47455679933725,0.0,8.50633299505526,11.635462815717586,30.20708414104346
indiana_hoosiers,44.1,21.566666666666666,15.0,4.966666666666667,18.366666666666667,13.766666666666667,14.166666666666666,3.4,6.633333333333334,13.066666666666666,0.3,26.866666666666667,9.433333333333334,0.03333333333333333,15.466666666666667,71.8,61.9,16.6,5.745814307458144,4.0084108963212985,3958.8262032085563,-0.1348570629761655,419.9208768342123,0.13333333333333333,297.03333333333336,0.7333333333333333,0.4931596293444883,0.33895654730895003,0.7513340588054349,0.7333333333333333,South,0.7197964847363554,0.8072463768115941,0.2142857142857143,0.413888888888889,0.4479674796747968,0.4916666666666666,0.6617562102830733,0.37777777777777777,0.41458333333333336,0.10166666666666668,0.056249999999999994,0.6871794871794872,0.4438596491228069,0.016666666666666666,0.45866666666666667,0.7750959488272922,0.20112359550561795,0.619060773480663,0.0752688172043012,0.06724836823883053,0.4847706202367812,0.23189663651093015,0.18582674417457626,0.892929292929293,0.1152044084944276,0.7333333333333334,0.7886510096662674,0.6402512560280167,0.751334058805435,0.7333333333333334,73.33333333333333,57.91385814030869,31.131967467896573,25.364568851226608,36.07607977103682,50.97898119595542
iowa_hawkeyes,40.53333333333333,23.666666666666668,20.9,7.333333333333333,18.033333333333335,15.166666666666666,19.466666666666665,3.2,7.0,14.866666666666667,0.3333333333333333,29.666666666666668,8.733333333333333,0.1,15.633333333333333,84.5,70.83333333333333,19.9,5.7724505327245055,4.041744229654632,5836.108734402852,-0.013713566785489621,460.4208768342123,0.1,456.40003437489264,0.7666666666666667,0.5859718544268891,0.346960255566519,0.8324055545417774,0.7666666666666667,South,0.6175146469318532,0.8985507246376812,0.3547619047619047,0.6111111111111112,0.4398373983739838,0.5416666666666665,0.9281340265742345,0.35555555555555557,0.4375,0.1466666666666667,0.0625,0.7948717948717949,0.40701754385964894,0.05000000000000001,0.4653333333333333,0.9484008528784649,0.3014981273408239,0.7421270718232044,0.0810587262200166,0.07440948124183641,0.7228901391836953,0.45619250897683883,0.21039317789945663,0.8666666666666668,0.19681537246183511,0.7666666666666667,0.9854434425236465,0.655369371625647,0.8324055545417776,0.7666666666666667,76.66666666666667,100.0,57.026407129350105,49.66222018519866,65.58501659886078,70.01767662598314
iowa_state_cyclones,34.03125,16.15625,26.71875,10.40625,16.15625,13.34375,14.28125,3.71875,5.375,12.78125,0.46875,29.28125,10.4375,0.03125,12.75,76.875,63.75,20.96875,5.774115296803653,3.976635215301217,6261.441594251337,0.0625,584.613322032074,0.15625,514.5625,0.8125,0.4744162001304579,0.3870304519270305,0.832651445375954,0.8125,South,0.4310534227567068,0.5720108695652173,0.49330357142857145,0.8671875000000001,0.3940548780487805,0.4765624999999999,0.667515164644714,0.4131944444444444,0.3359375,0.09453125000000002,0.087890625,0.7800480769230769,0.4967105263157893,0.015625,0.35,0.8443496801705758,0.22191011235955055,0.781983770718232,0.08142059553349876,0.06042189096286235,0.7768404925782926,0.5973011032754894,0.28572565874103956,0.9109848484848486,0.22660010701029254,0.8125,0.7489087770902859,0.7310575203066132,0.8326514453759541,0.8125,81.25,70.29847040432935,25.661798140303574,74.79290141022798,53.33982955268358,64.50389773161015
iu_indianapolis_jaguars,34.714285714285715,17.964285714285715,21.75,7.964285714285714,14.25,10.607142857142858,14.964285714285714,2.9285714285714284,5.642857142857143,15.714285714285714,1.0714285714285714,28.142857142857142,10.75,0.0,12.464285714285714,70.42857142857143,55.67857142857143,19.642857142857142,5.742009132420091,4.401868817487105,896.9472880061115,-0.0008162837372315251,235.4509394652275,0.07142857142857142,172.92857142857142,0.8571428571428571,0.5244224223305345,0.36969699866491296,0.7437267425559567,0.8571428571428571,South,0.4506409409277125,0.6506211180124224,0.375,0.6636904761904763,0.34756097560975613,0.37882653061224486,0.7018445159692993,0.32539682539682535,0.35267857142857145,0.16785714285714287,0.20089285714285715,0.7362637362637362,0.5131578947368419,0.0,0.3385714285714285,0.7563813585135548,0.13121990369181383,0.7325374901341751,0.07444168734491316,0.15177626730071445,0.09639373916184302,0.48007168899650443,0.073931225887959,0.8441558441558442,0.05165092344517644,0.8571428571428571,0.854938409673955,0.6983165530337245,0.7437267425559568,0.8571428571428571,85.71428571428571,77.9913396892268,10.018818971461428,44.814853534653196,38.924263949184706,57.640272655225104
kansas_city_roos,39.74193548387097,18.70967741935484,20.548387096774192,7.290322580645161,16.516129032258064,12.741935483870968,14.709677419354838,2.6774193548387095,6.580645161290323,14.451612903225806,0.7419354838709677,26.35483870967742,12.0,0.0,15.903225806451612,72.03225806451613,65.35483870967742,13.580645161290322,5.74753277360436,3.9436234480528696,1011.3632913575989,-0.13198141221193327,366.75823290662834,0.03225806451612903,456.2974947356516,0.7419354838709677,0.47050937491070194,0.352748598398091,0.7643626629284405,0.7419354838709677,South,0.5948196114708604,0.6830294530154277,0.3463901689708141,0.6075268817204301,0.4028324154209284,0.4550691244239631,0.6890479118913176,0.2974910394265233,0.4112903225806452,0.13629032258064516,0.13911290322580647,0.6674937965260546,0.5789473684210525,0.0,0.47612903225806447,0.7782653552513928,0.2399420079739036,0.5064605239707717,0.07564235972144398,0.05332986109203196,0.11090656992927794,0.23722087278735,0.1535794214909613,0.8132942326490714,0.19676286237818127,0.7419354838709677,0.7406250231013933,0.6663029080852829,0.7643626629284406,0.7419354838709677,74.19354838709677,58.70702193104191,20.581819879283955,10.561743482944962,27.02108831359464,45.890072342995495
kansas_jayhawks,41.58620689655172,19.655172413793103,16.620689655172413,5.586206896551724,20.93103448275862,15.793103448275861,12.96551724137931,5.758620689655173,8.241379310344827,17.344827586206897,0.20689655172413793,29.448275862068964,10.03448275862069,0.10344827586206896,16.655172413793103,71.86206896551724,64.58620689655173,15.413793103448276,5.771532042198079,4.319045754815137,2279.9790706251156,-0.10344827586206896,521.711251897461,0.20689655172413793,340.1034482758621,0.6896551724137931,0.481335325425885,0.3443364807151761,0.7495112018451651,0.6896551724137931,South,0.6477080608631854,0.7241379310344827,0.2528735632183908,0.4655172413793104,0.5105130361648444,0.5640394088669949,0.6013864818024263,0.6398467432950192,0.5150862068965517,0.20862068965517244,0.038793103448275856,0.7864721485411139,0.4754990925589836,0.05172413793103448,0.5062068965517241,0.7759429453716639,0.23130569546687335,0.5748237759573251,0.08085907418499196,0.13398310796924426,0.2718211760517065,0.2900496660203633,0.24757060844178652,0.9508881922675028,0.13726041878813494,0.6896551724137931,0.7635795976521595,0.6504133524619993,0.7495112018451652,0.6896551724137931,68.96551724137932,56.68786447199113,100.0,67.27375798649697,78.08912415862575,74.43968139172718
kent_state_golden_flashes,35.793103448275865,16.20689655172414,23.586206896551722,8.137931034482758,16.20689655172414,11.827586206896552,12.517241379310345,2.793103448275862,5.9655172413793105,14.206896551724139,0.7586206896551724,26.655172413793103,12.137931034482758,0.13793103448275862,15.413793103448276,68.65517241379311,61.3448275862069,14.275862068965518,5.799086757990867,4.112149203090999,778.2848976581228,0.10187200381775981,358.5907422459258,0.0,320.5938736829379,0.6206896551724138,0.4557652443241332,0.3528601719244038,0.7180716289155491,0.6206896551724138,South,0.4815783597562922,0.5742128935532234,0.41871921182266003,0.67816091954023,0.39529015979814974,0.4224137931034482,0.5788561525129983,0.3103448275862069,0.3728448275862069,0.1301724137931035,0.14224137931034483,0.6790450928381963,0.586206896551724,0.06896551724137931,0.456551724137931,0.7321814572457909,0.1948857032158078,0.5323871213564488,0.08684863523573198,0.08953482036438001,0.08134228535175606,0.6701979423524783,0.14862519635479518,0.787878787878788,0.1272696542261743,0.6206896551724138,0.7093626185429237,0.6665136580794293,0.7180716289155492,0.6206896551724138,62.06896551724138,49.349261616977685,18.24308328158395,45.741567326653666,35.301072902696085,46.008229948514206
kentucky_wildcats,46.2,21.733333333333334,17.533333333333335,5.9,16.266666666666666,11.333333333333334,15.8,5.633333333333334,7.966666666666667,13.966666666666667,0.4666666666666667,24.566666666666666,12.8,0.06666666666666667,15.966666666666667,72.5,65.53333333333333,15.566666666666666,5.7724505327245055,4.041744229654632,4892.608734402852,-0.1,282.52087683421234,0.2,212.53333333333333,0.6333333333333333,0.469858666524403,0.31902997039977116,0.6937604987604987,0.6333333333333333,South,0.7800185013876042,0.8144927536231884,0.2746031746031746,0.49166666666666675,0.3967479674796748,0.4047619047619047,0.7438474870017331,0.625925925925926,0.4979166666666667,0.12416666666666669,0.08750000000000001,0.5987179487179487,0.6210526315789473,0.03333333333333334,0.4786666666666667,0.7846481876332623,0.24194756554307112,0.5805248618784531,0.0810587262200166,0.07440948124183641,0.6032140848907461,0.29643411146982046,0.10248284309313027,0.9454545454545455,0.07193234218336314,0.6333333333333333,0.7392453073763714,0.6026121663106788,0.6937604987604988,0.6333333333333333,63.33333333333333,60.61191395530662,54.4132813448968,31.27980152966387,48.34457583406967,54.34007883377514
louisville_cardinals,45.172413793103445,22.20689655172414,16.79310344827586,6.137931034482759,12.96551724137931,9.344827586206897,15.862068965517242,4.413793103448276,9.586206896551724,14.448275862068966,0.27586206896551724,25.93103448275862,13.03448275862069,0.41379310344827586,15.931034482758621,72.17241379310344,55.03448275862069,23.517241379310345,5.771532042198079,4.008700927228929,5290.078001106399,0.033694622598535076,806.711251897461,0.06896551724137931,613.1724137931035,0.8620689655172413,0.49107724867378616,0.36655370444670643,0.6975135698139328,0.8620689655172413,South,0.7505502567865003,0.8350824587706147,0.25697865353037763,0.5114942528735633,0.3162321278385197,0.333743842364532,0.7469670710571924,0.4904214559386973,0.5991379310344828,0.1362068965517242,0.051724137931034475,0.6511936339522546,0.6333938294010888,0.20689655172413796,0.4772413793103448,0.7801779280935226,0.12398295234405268,0.8770241950847781,0.08085907418499196,0.06731067656194778,0.6536301458783373,0.5439682586809924,0.42044551243168543,0.8422152560083596,0.27709779610595553,0.8620689655172413,0.784235677979533,0.6923792195104455,0.6975135698139329,0.8620689655172413,86.20689655172413,81.37736886394907,79.606757245768,76.32107638342856,78.97258281325344,81.86630830864172
loyola_chicago_ramblers,38.03333333333333,16.9,18.166666666666668,5.433333333333334,13.733333333333333,9.633333333333333,12.833333333333334,3.9,6.3,14.266666666666667,0.8333333333333334,27.533333333333335,9.9,0.1,15.4,59.733333333333334,55.7,12.766666666666667,5.799086757990867,4.208410896321299,623.3797682709447,-0.0007618648214160901,308.42929716930365,-0.06666666666666667,238.20370561341997,0.6,0.44635151260544603,0.29602863942192925,0.6971670043590333,0.6,South,0.5458217699660808,0.6043478260869564,0.2896825396825397,0.45277777777777783,0.33495934959349594,0.344047619047619,0.5947429231658001,0.4333333333333333,0.39375,0.1316666666666667,0.15625000000000003,0.7128205128205128,0.46842105263157885,0.05000000000000001,0.456,0.6104335465529496,0.1314606741573034,0.4761049723756906,0.08684863523573198,0.11021504625686603,0.061693705940207316,0.4801724450303427,0.11819833670000345,0.7353535353535354,0.08507802326660124,0.6,0.6894024121634044,0.5591652077969774,0.6971670043590334,0.6,60.0,37.394288692503125,38.79631698615714,20.26972695107392,32.30726878389784,43.3843612703387
marquette_golden_eagles,50.74193548387097,22.870967741935484,9.935483870967742,3.3548387096774195,14.03225806451613,9.709677419354838,17.548387096774192,3.0,7.096774193548387,15.32258064516129,0.5483870967741935,27.193548387096776,13.387096774193548,0.0,13.225806451612904,65.51612903225806,59.03225806451613,15.258064516129032,5.721755781411106,3.9113653835367406,1342.7265827151978,0.0967741935483871,640.5363324202054,0.0967741935483871,525.2258064516129,0.6774193548387096,0.4508182287028579,0.31130448720581544,0.6968848655718225,0.6774193548387096,South,0.9102682701202591,0.8639551192145862,0.0937019969278034,0.2795698924731183,0.3422501966955154,0.346774193548387,0.8317213618829317,0.3333333333333333,0.4435483870967742,0.15806451612903227,0.10282258064516128,0.6997518610421837,0.6519524617996603,0.0,0.3690322580645161,0.6893458972419011,0.1689017760057992,0.5690162181429335,0.07003922196430007,0.0463997517342843,0.15293757284099213,0.6607594017952954,0.31964736067673893,0.8641251221896384,0.232060737825315,0.6774193548387096,0.6988733188991548,0.588019586944318,0.6968848655718226,0.6774193548387096,67.74193548387096,65.32399634523429,23.614028149223145,70.6033930655104,49.83453680472737,56.99749627638481
marshall_thundering_herd,37.214285714285715,15.678571428571429,22.5,6.678571428571429,17.321428571428573,12.25,11.428571428571429,2.142857142857143,7.678571428571429,12.678571428571429,0.5,24.5,12.964285714285714,0.03571428571428571,18.678571428571427,63.642857142857146,60.0,14.178571428571429,5.742009132420091,4.4375831032013915,982.5901451489688,-0.10877542461732019,704.7680435751956,-0.07142857142857142,535.5793691716142,0.5357142857142857,0.4142835932560855,0.296813491403119,0.7041001418509988,0.5357142857142857,South,0.522333817893485,0.5512422360248447,0.39285714285714285,0.5565476190476192,0.42247386759581884,0.43749999999999994,0.5241396385243873,0.23809523809523808,0.4799107142857143,0.09196428571428575,0.09375,0.5961538461538461,0.6296992481203005,0.017857142857142856,0.5871428571428571,0.6637831251903747,0.1797752808988764,0.5287588792423047,0.07444168734491316,0.1594488883753638,0.10725690738784394,0.2801865077379402,0.358608942778584,0.7316017316017317,0.23736275028183168,0.5357142857142857,0.6214078795484167,0.5606477059836693,0.7041001418509989,0.5357142857142857,53.57142857142857,33.16793667602434,27.43742932547957,51.27656439616348,36.791861152157935,43.50368811986619
michigan_state_spartans,40.13793103448276,18.689655172413794,18.655172413793103,6.620689655172414,17.724137931034484,12.89655172413793,17.137931034482758,3.413793103448276,7.275862068965517,14.89655172413793,0.7241379310344828,25.275862068965516,11.724137931034482,0.10344827586206896,16.551724137931036,70.13793103448276,66.51724137931035,12.827586206896552,5.799086757990867,4.112149203090999,3146.806656832012,-0.000788136022154576,495.607803621599,0.13793103448275862,322.0344827586207,0.5172413793103449,0.4655453619504951,0.34798430653334084,0.7211923064945005,0.5172413793103449,South,0.6061756355864623,0.68215892053973,0.3013136288998358,0.5517241379310346,0.4322960470984021,0.460591133004926,0.8110918544194108,0.3793103448275862,0.4547413793103448,0.1474137931034483,0.13577586206896552,0.6259946949602121,0.5644283121597095,0.05172413793103448,0.5020689655172415,0.7524152635835601,0.25300271212708253,0.4783768336826062,0.08684863523573198,0.08953482036438001,0.3817718970580898,0.48012380418642076,0.23173681505759372,0.8965517241379312,0.1280073835924615,0.5172413793103449,0.7300996835105436,0.6573036901185327,0.7211923064945006,0.5172413793103449,51.724137931034484,61.69349598584432,33.324352955945585,58.19284329264414,48.811788787171,49.976728444716386
michigan_wolverines,43.592592592592595,22.0,14.74074074074074,4.703703703703703,20.14814814814815,15.148148148148149,13.814814814814815,2.5555555555555554,6.777777777777778,15.851851851851851,0.5925925925925926,27.037037037037038,12.851851851851851,0.1111111111111111,16.037037037037038,73.25925925925925,61.592592592592595,20.37037037037037,5.73989514628784,4.416752847764406,3618.7923351158647,0.11026459464287101,491.6898631491248,0.18518518518518517,333.81481481481484,0.8148148148148148,0.5067776086291795,0.31526808642821713,0.7458934910294821,0.8148148148148148,South,0.705245486004043,0.826086956521739,0.20811287477954146,0.39197530864197533,0.49141824751580854,0.5410052910052909,0.644072148404904,0.2839506172839506,0.4236111111111111,0.1712962962962963,0.11111111111111112,0.6937321937321937,0.6237816764132552,0.05555555555555556,0.4814814814814815,0.7950090815762457,0.19766957969205162,0.7596685082872927,0.0739821707563643,0.15497385398339186,0.44163981826613724,0.685736733460214,0.2293602761698144,0.9337822671156005,0.13404003814751464,0.8148148148148149,0.8175256031980622,0.5955063854755213,0.7458934910294822,0.8148148148148149,81.48148148148148,72.27341355199809,30.222116622746228,100.00000000000003,64.07052196759881,71.03490577315188
missouri_state_lady_bears,46.774193548387096,19.032258064516128,16.032258064516128,4.225806451612903,19.580645161290324,14.451612903225806,12.806451612903226,5.032258064516129,9.290322580645162,13.096774193548388,0.6451612903225806,26.06451612903226,15.774193548387096,0.03225806451612903,17.838709677419356,65.19354838709677,53.70967741935484,18.322580645161292,5.799086757990867,4.104913770633514,1472.395549422115,0.06377884049540378,481.73802951868095,0.0,547.9068118839548,0.7741935483870968,0.4127927318457633,0.27158523825232106,0.7297411440759081,0.7741935483870968,South,0.7964847363552267,0.6970546984572229,0.23886328725038403,0.3521505376344086,0.47757671125098355,0.5161290322580644,0.5933918488287583,0.5591397849462365,0.5806451612903226,0.10241935483870972,0.12096774193548387,0.6563275434243176,0.7775891341256365,0.016129032258064516,0.5535483870967742,0.6849439438750946,0.10909749909387459,0.6833006594189985,0.08684863523573198,0.08798040788077009,0.16938513012740192,0.5996688626161133,0.2233237067544234,0.787878787878788,0.24367557771963344,0.7741935483870968,0.6182467631789944,0.5129943389210508,0.7297411440759082,0.7741935483870968,77.41935483870968,49.094548960134745,82.65380025835935,55.69981518396074,65.14833008265988,70.0567399850798
missouri_tigers,35.53333333333333,17.433333333333334,20.766666666666666,8.0,15.633333333333333,11.433333333333334,13.433333333333334,1.8666666666666667,5.566666666666666,14.733333333333333,0.9333333333333333,27.266666666666666,8.833333333333334,0.1,15.966666666666667,70.3,66.93333333333334,12.866666666666667,5.692541856925418,3.8750775629879652,2655.192869875223,0.0,562.6208768342124,0.06666666666666667,389.96666666666664,0.6,0.4952391200515294,0.3723336041183883,0.7339702825810972,0.6,South,0.47412889300030836,0.6275362318840579,0.35158730158730156,0.6666666666666667,0.38130081300813007,0.40833333333333327,0.624898902368573,0.2074074074074074,0.34791666666666665,0.14333333333333334,0.17500000000000004,0.7025641025641025,0.41228070175438586,0.05000000000000001,0.4786666666666667,0.7546268656716418,0.25767790262172285,0.47983425414364644,0.06368899917287005,0.038603916226806895,0.31941429423985657,0.4815830295040782,0.2723855118916239,0.8404040404040405,0.16279514651227675,0.6,0.7930602136798509,0.7032968077791779,0.7339702825810973,0.6,60.0,52.880779237426054,10.66279644858946,39.39487938329057,30.972079071381437,42.58324744282886
murray_state_racers,39.86666666666667,20.8,15.2,5.366666666666666,19.7,15.766666666666667,15.433333333333334,2.3,5.133333333333334,14.666666666666666,0.9,29.366666666666667,10.633333333333333,0.0,11.333333333333334,73.46666666666667,62.1,18.733333333333334,5.71917808219178,3.975077562987965,863.6797682709447,-0.0015237296428321802,289.58350733684927,-0.06666666666666667,175.0074112268399,0.7,0.5217935193772428,0.36884980381961807,0.8024807300169059,0.7,South,0.5983965464076473,0.7739130434782608,0.21904761904761905,0.44722222222222224,0.48048780487804876,0.5630952380952381,0.725418833044483,0.25555555555555554,0.32083333333333336,0.14166666666666666,0.16875,0.7833333333333333,0.5070175438596489,0.0,0.29333333333333333,0.7978393745557926,0.20337078651685395,0.6986187845303868,0.06947890818858543,0.060087255235824547,0.09217399830543857,0.4787618605566072,0.10676688368983024,0.7353535353535354,0.052715487866487123,0.7,0.8493642710573568,0.696716296103723,0.802480730016906,0.7,70.0,78.88553812927046,1.9503531384983148,1.858192947043534,21.604753155526154,40.962851893315694
northern_iowa_panthers,35.645161290322584,17.35483870967742,23.032258064516128,7.0,16.387096774193548,12.516129032258064,13.870967741935484,4.32258064516129,6.580645161290323,12.709677419354838,0.5806451612903226,27.06451612903226,10.35483870967742,0.03225806451612903,14.35483870967742,68.2258064516129,58.225806451612904,17.64516129032258,5.799086757990867,4.137171835149643,1268.1094531654305,-0.06525341756911235,673.512223067068,-0.03225806451612903,620.7777796258903,0.6774193548387096,0.4939497443743052,0.30417669482543835,0.7713161240925148,0.6774193548387096,South,0.47733580018501404,0.6241234221598878,0.40552995391705066,0.5833333333333335,0.3996852871754524,0.44700460829493077,0.6468943925756135,0.48028673835125446,0.4112903225806452,0.09274193548387098,0.1088709677419355,0.6947890818858561,0.49235993208828516,0.016129032258064516,0.41419354838709677,0.7263223055230759,0.15984052192823486,0.6580377829263946,0.08684863523573198,0.09491051723851773,0.1434729372848904,0.3607670328944904,0.33964983060501186,0.7624633431085045,0.2809924694152603,0.6774193548387096,0.7903263133109846,0.5745559791147169,0.7713161240925149,0.6774193548387096,67.74193548387096,58.43578414441248,36.09328257989807,47.40211571958494,45.551924857636536,54.4279291081303
northern_kentucky_norse,38.172413793103445,17.724137931034484,20.862068965517242,6.551724137931035,15.793103448275861,11.03448275862069,12.344827586206897,3.9310344827586206,8.275862068965518,14.827586206896552,0.6896551724137931,26.24137931034483,11.793103448275861,0.0,14.137931034482758,66.13793103448276,59.13793103448276,14.620689655172415,5.771532042198079,4.043183685849619,646.9355522773374,-0.000788136022154576,352.0647901751417,-0.13793103448275862,243.2452127035379,0.7241379310344828,0.4649355775052416,0.30507704921753837,0.6974952747484232,0.7241379310344828,South,0.5498102012823375,0.6401799100449775,0.35385878489326766,0.5459770114942529,0.38519764507989906,0.3940886699507389,0.5701906412478336,0.4367816091954022,0.5172413793103449,0.1456896551724138,0.12931034482758622,0.6631299734748011,0.5680580762250452,0.0,0.40551724137931033,0.6978310418351593,0.1700891127469973,0.5452467136597448,0.08085907418499196,0.07471872449609179,0.0646815843563833,0.48012380418642076,0.14466669341556893,0.6792058516196448,0.0876597561554922,0.7241379310344828,0.7288067399958988,0.5762566485220169,0.6974952747484233,0.7241379310344828,72.41379310344827,46.339367552007104,43.38253002563272,2.418079721395827,30.5842230913426,47.316051096184864
northwestern_wildcats,42.148148148148145,17.962962962962962,19.51851851851852,6.037037037037037,18.037037037037038,12.666666666666666,14.518518518518519,4.925925925925926,10.0,13.777777777777779,0.3333333333333333,24.185185185185187,12.555555555555555,0.037037037037037035,16.296296296296298,66.70370370370371,63.2962962962963,12.148148148148149,5.769490952139353,4.379715810727369,1861.6490394137452,-0.11280414404759131,513.1343075935692,0.07407407407407407,578.1481481481482,0.5925925925925926,0.42637767456622816,0.3120768310902819,0.6937444837324065,0.5925925925925926,South,0.6638229348682633,0.6505636070853461,0.3218694885361552,0.5030864197530865,0.4399277326106595,0.4523809523809523,0.6794402721612427,0.5473251028806584,0.625,0.11944444444444449,0.0625,0.584045584045584,0.6081871345029238,0.018518518518518517,0.4918518518518519,0.7055516070441445,0.21681231793591343,0.4530386740331492,0.08041540299604805,0.1470170617578297,0.2187590801029804,0.2727273773021573,0.24236801748367423,0.8462401795735129,0.25916202870376803,0.5925925925925926,0.6470513083325546,0.5894784587260881,0.6937444837324066,0.5925925925925926,59.25925925925925,42.48365340075321,68.34354949415888,59.275179526711355,58.72628859269378,58.93947685931997
notre_dame_fighting_irish,45.93333333333333,22.733333333333334,17.533333333333335,5.6,15.1,10.766666666666667,17.066666666666666,5.333333333333333,8.833333333333334,15.133333333333333,0.7,28.233333333333334,12.3,0.03333333333333333,13.066666666666666,73.03333333333333,62.666666666666664,18.8,5.745814307458144,4.0084108963212985,4277.279768270945,0.1,574.4208768342123,0.06666666666666667,434.56666666666666,0.7333333333333333,0.4942569740159638,0.3262544655688641,0.6949416133402201,0.7333333333333333,South,0.7723712611779217,0.8579710144927536,0.2746031746031746,0.4666666666666667,0.36829268292682926,0.3845238095238095,0.8075101097631426,0.5925925925925926,0.5520833333333334,0.15333333333333335,0.13125,0.7397435897435898,0.594736842105263,0.016666666666666666,0.36266666666666664,0.7919260838663824,0.20973782771535576,0.7011049723756906,0.0752688172043012,0.06724836823883053,0.5251641190626313,0.666731947538336,0.2795431394954162,0.8404040404040405,0.18563460399716997,0.7333333333333334,0.790977741165173,0.6162584349634099,0.6949416133402202,0.7333333333333334,73.33333333333333,76.04535235127318,74.78530207504946,65.35689504605332,71.98790809002139,72.52607818734617
ohio_bobcats,37.37931034482759,17.310344827586206,26.93103448275862,8.827586206896552,18.896551724137932,12.758620689655173,12.620689655172415,2.5517241379310347,9.689655172413794,13.206896551724139,0.4827586206896552,25.75862068965517,11.793103448275861,0.06896551724137931,16.06896551724138,73.86206896551724,71.10344827586206,12.137931034482758,5.799086757990867,4.284562996194446,1002.2684860778168,-0.000788136022154576,435.0647901751417,-0.034482758620689655,311.31417822077924,0.5172413793103449,0.46665646529158816,0.3294423045200428,0.6650013551671162,0.5172413793103449,South,0.5270662541069892,0.6221889055472263,0.49835796387520526,0.7356321839080461,0.4608915054667789,0.4556650246305418,0.5840554592720971,0.2835249042145594,0.6056034482758621,0.10517241379310349,0.09051724137931036,0.6445623342175065,0.5680580762250452,0.034482758620689655,0.4827586206896552,0.8032350562458643,0.30453312669507937,0.45265764907601447,0.08684863523573198,0.12657506003510005,0.1097529605912313,0.48012380418642076,0.1950127180863114,0.7607105538140022,0.1225175643162925,0.5172413793103449,0.7324555879127441,0.6222799085378586,0.6650013551671163,0.5172413793103449,51.724137931034484,43.36095662812812,52.69655363095029,39.69539914651938,46.0059242701151,48.29320973448286
ohio_state_buckeyes,40.89655172413793,20.620689655172413,22.275862068965516,8.413793103448276,17.344827586206897,12.689655172413794,16.75862068965517,3.4482758620689653,8.862068965517242,13.413793103448276,0.20689655172413793,26.620689655172413,9.689655172413794,0.13793103448275862,16.379310344827587,79.17241379310344,65.93103448275862,20.724137931034484,5.799086757990867,4.112149203090999,3190.1124838650194,-0.000788136022154576,600.711251897461,0.1724137931034483,316.58620689655174,0.7931034482758621,0.5045359802757005,0.3850615430677564,0.7404339210567602,0.7931034482758621,South,0.6279307154933171,0.7661169415292353,0.3875205254515599,0.7011494252873565,0.42304457527333894,0.4532019704433497,0.7920277296360485,0.38314176245210724,0.5538793103448276,0.11034482758620692,0.038793103448275856,0.6777188328912466,0.4573502722323048,0.06896551724137931,0.49517241379310345,0.875700316153224,0.2464161177838047,0.7728614974280816,0.08684863523573198,0.08953482036438001,0.3872649235628097,0.48012380418642076,0.2954903186705655,0.9237199582027169,0.1252173462624684,0.7931034482758621,0.8127726140648788,0.7273384702390955,0.7404339210567603,0.7931034482758621,79.3103448275862,77.61095741063318,62.0083160067818,68.97790893045888,68.30665041492568,72.7081281799899
purdue_boilermakers,37.57142857142857,18.142857142857142,23.071428571428573,7.428571428571429,14.464285714285714,10.928571428571429,15.892857142857142,4.035714285714286,7.357142857142857,15.071428571428571,0.42857142857142855,25.178571428571427,10.464285714285714,0.0,17.75,69.5,67.57142857142857,12.714285714285714,5.770547945205479,4.1875831032013915,3117.147536287242,0.0,343.5223680366561,0.17857142857142858,174.46428571428572,0.5357142857142857,0.4891129458858793,0.32002100350993257,0.7474486238870895,0.5357142857142857,South,0.5325756574600238,0.6583850931677018,0.40646258503401367,0.6190476190476192,0.352787456445993,0.39030612244897955,0.7485144837831146,0.4484126984126984,0.45982142857142855,0.1517857142857143,0.08035714285714285,0.6222527472527472,0.4981203007518795,0.0,0.55,0.7437100213219616,0.26484751203852325,0.47415153906866614,0.08064516129032247,0.10574054085281948,0.3780098551708645,0.4815830295040782,0.13948504286457983,0.9285714285714286,0.052437355757676773,0.5357142857142857,0.7800707102270895,0.6044841177409838,0.7474486238870897,0.5357142857142857,53.57142857142857,58.04804359224494,42.697482357731815,53.97791059451899,50.35774428076936,51.64321799703305
southern_illinois_salukis,41.13333333333333,19.133333333333333,14.766666666666667,4.4,16.6,11.7,13.866666666666667,2.2333333333333334,8.0,13.2,0.9333333333333333,23.033333333333335,12.366666666666667,0.06666666666666667,14.566666666666666,63.166666666666664,56.06666666666667,14.533333333333333,5.799086757990867,4.208410896321299,1047.1464349376115,-0.0007618648214160901,290.2959638359703,-0.2,241.37037228008663,0.7,0.4639383929858063,0.3009879314871575,0.7238665043542702,0.7,South,0.6347209374036387,0.7014492753623187,0.20873015873015877,0.36666666666666675,0.40487804878048783,0.41785714285714276,0.6466782206816869,0.24814814814814812,0.5,0.105,0.17500000000000004,0.5397435897435897,0.5982456140350876,0.03333333333333334,0.42266666666666663,0.6572850035536603,0.1355805243445693,0.541988950276243,0.08684863523573198,0.11021504625686603,0.11544539921794142,0.4801724450303427,0.10719904456310227,0.6303030303030304,0.08669965888772595,0.7,0.7266923809509221,0.568532759475742,0.7238665043542704,0.7,70.0,49.26590024191438,2.5346473654350916,0.0,13.652765611524412,36.19165936691465
toledo_rockets,38.7,19.466666666666665,21.366666666666667,6.733333333333333,17.866666666666667,13.233333333333333,14.3,3.2,6.233333333333333,12.733333333333333,0.4666666666666667,29.5,11.8,0.06666666666666667,15.866666666666667,72.36666666666666,60.1,17.133333333333333,5.7724505327245055,4.208410896321299,1900.5464349376116,-0.13333333333333333,376.1208768342123,0.0,304.6333333333333,0.8666666666666667,0.5058695933016748,0.31547925743862404,0.7342416346422204,0.8666666666666667,South,0.5649398704902869,0.7159420289855071,0.3658730158730159,0.5611111111111112,0.43577235772357725,0.4726190476190475,0.6684575389948006,0.35555555555555557,0.38958333333333334,0.09333333333333334,0.08750000000000001,0.7884615384615384,0.5684210526315788,0.03333333333333334,0.4746666666666667,0.7828287135749822,0.18089887640449437,0.6389502762430939,0.0810587262200166,0.11021504625686603,0.2236929294072396,0.23471780545840118,0.159258601035076,0.787878787878788,0.11909633398512687,0.8666666666666667,0.8156003121578701,0.5959052640507343,0.7342416346422205,0.8666666666666667,86.66666666666667,65.49780585952595,47.27488943484724,16.323127208511266,41.695742037009246,59.68411188887222
unc_pembroke_braves,40.0,19.0,18.0,6.0,13.0,9.0,17.0,1.0,5.0,12.0,2.0,35.0,7.0,0.0,18.0,65.0,45.0,20.0,5.799086757990867,4.252326889638948,1329.1310160427809,-0.022855944642482702,469.6263050263696,0.0,381.11116840259876,1.0,0.475,0.3333333333333333,0.6923076923076923,1.0,South,0.6022201665124886,0.6956521739130435,0.2857142857142857,0.5000000000000001,0.3170731707317073,0.3214285714285714,0.804159445407279,0.1111111111111111,0.3125,0.07500000000000002,0.37500000000000006,1.0,0.3157894736842104,0.0,0.5599999999999999,0.6823027718550108,0.011235955056179803,0.7458563535911602,0.08684863523573198,0.11964966798047426,0.15121307493401642,0.4392654952920126,0.21597699374122892,0.787878787878788,0.1582602860613861,1.0,0.7501466247609674,0.6296296296296295,0.6923076923076924,1.0,100.0,64.8015414450523,61.16339982823956,44.199517803430666,56.48103572499356,73.88862143499614
virginia_tech_hokies,32.6875,16.3125,23.65625,8.59375,15.9375,12.09375,14.28125,3.5,4.46875,12.875,0.34375,27.375,9.03125,0.03125,14.3125,70.5,57.625,19.9375,5.774115296803653,3.757885215301217,1963.5163770053477,0.06107150345984483,462.89457203207405,0.03125,341.34375,0.71875,0.5006013081851336,0.3626702351803931,0.7448936124809287,0.71875,South,0.39251850138760414,0.5788043478260869,0.42038690476190477,0.7161458333333335,0.38871951219512196,0.4319196428571428,0.667515164644714,0.38888888888888884,0.279296875,0.09687500000000003,0.064453125,0.7067307692307692,0.42269736842105254,0.015625,0.4125,0.7573560767590619,0.15308988764044942,0.7435255524861879,0.08142059553349876,0.013427086880636083,0.2316802046650268,0.5946562573872352,0.21189366849535354,0.8125000000000001,0.13789557166923108,0.71875,0.8044298155541091,0.6850437775629648,0.7448936124809288,0.71875,71.875,65.29589814004808,5.941222273781875,29.32037950385069,28.86391072389766,46.068346434338594
western_kentucky_lady_toppers,35.89655172413793,17.413793103448278,24.275862068965516,7.517241379310345,20.620689655172413,13.482758620689655,14.137931034482758,2.5517241379310347,9.689655172413794,18.620689655172413,0.896551724137931,24.310344827586206,13.793103448275861,0.0,18.551724137931036,70.86206896551724,69.86206896551724,11.172413793103448,5.861281687923161,4.250080237573757,921.7376913147705,-0.03605903066499881,559.6165143130727,0.034482758620689655,413.65900580698616,0.5862068965517241,0.48776298409228064,0.3061537840374248,0.6665790008141679,0.5862068965517241,South,0.4845449615617723,0.6266866566716642,0.4351395730706075,0.6264367816091955,0.5029436501261564,0.481527093596059,0.6603119584055459,0.2835249042145594,0.6056034482758621,0.24051724137931035,0.1681034482758621,0.5888594164456232,0.6733212341197821,0.0,0.5820689655172414,0.7622968899345637,0.29058504455637346,0.41665079062678606,0.10036793017883106,0.11916701210095605,0.09953821998040281,0.4148201243741917,0.2705631298481402,0.8150470219435737,0.17492788580629018,0.5862068965517241,0.777208347371432,0.5782904809595802,0.666579000814168,0.5862068965517241,58.620689655172406,56.185906240414425,51.49230161989914,53.97633093943463,53.51517120834346,55.557378587075036
western_michigan_broncos,34.96666666666667,16.066666666666666,22.333333333333332,7.166666666666667,16.666666666666668,11.4,12.366666666666667,2.933333333333333,8.933333333333334,15.066666666666666,0.8,24.966666666666665,8.566666666666666,0.06666666666666667,16.266666666666666,65.03333333333333,63.06666666666667,12.4,5.7724505327245055,4.141744229654631,1051.1174688057042,-0.0015237296428321802,401.2835073368493,-0.16666666666666666,373.90741122683994,0.5333333333333333,0.45627176314939205,0.31629524609683674,0.6851926038258317,0.5333333333333333,South,0.45787850755473336,0.5681159420289854,0.38888888888888884,0.5972222222222223,0.40650406504065045,0.4071428571428571,0.5712882726747545,0.3259259259259259,0.5583333333333333,0.15166666666666667,0.15000000000000002,0.614102564102564,0.3982456140350876,0.03333333333333334,0.49066666666666664,0.6827576403695808,0.21423220973782775,0.46243093922651934,0.0810587262200166,0.09589282025085406,0.11594909573600924,0.4787618605566072,0.17452171448166082,0.6565656565656566,0.15457127472176194,0.5333333333333333,0.7104366049905307,0.5974465759606916,0.6851926038258318,0.5333333333333333,53.333333333333336,34.69112989677083,42.763421733261396,12.14054616893793,30.565120233454977,39.67240547340632
youngstown_state_penguins,29.896551724137932,14.379310344827585,26.517241379310345,8.379310344827585,16.275862068965516,11.689655172413794,14.827586206896552,2.3448275862068964,6.586206896551724,14.379310344827585,1.2413793103448276,26.586206896551722,10.413793103448276,0.06896551724137931,14.96551724137931,65.58620689655173,56.86206896551724,16.03448275862069,5.88883640371595,4.077666444470308,1105.8066568320119,-0.001576272044309152,281.5346627622579,0.10344827586206896,198.21456333811025,0.7931034482758621,0.4836551952245267,0.31835061773271306,0.7114524516991666,0.7931034482758621,South,0.31248205684391855,0.49475262368815587,0.4885057471264368,0.6982758620689655,0.3969722455845248,0.417487684729064,0.6949740034662045,0.26053639846743293,0.41163793103448276,0.13448275862068965,0.2327586206896552,0.676392572944297,0.4954627949183302,0.034482758620689655,0.43862068965517237,0.6903021836629661,0.1445176288260364,0.5979710421032578,0.10635749122957128,0.0821267724302358,0.12288601808415307,0.47866457886876335,0.10188462673171758,0.8693834900731453,0.06459976508601198,0.7931034482758621,0.7684984843740514,0.6013289446062358,0.7114524516991667,0.7931034482758621,79.3103448275862,57.64855640467715,16.454768807491917,34.467689067099286,32.955100599799366,51.4971982909141
