team,fga_2,fgm_2,fga_3,fgm_3,fta,ftm,ast,blk,stl,tov,tov_team,dreb,oreb,f_tech,f_personal,team_score,opponent_team_score,largest_lead,ot_length_min_tot,rest_days,attendance,tz_dif_h_e,prev_game_dist,home_away_ns,travel_dist,fgr_2,fgr_3,ftr,region,fga_2_final_scaled,fgm_2_final_scaled,fga_3_final_scaled,fgm_3_final_scaled,fta_final_scaled,ftm_final_scaled,ast_final_scaled,blk_final_scaled,stl_final_scaled,tov_final_scaled,tov_team_final_scaled,dreb_final_scaled,oreb_final_scaled,f_tech_final_scaled,f_personal_final_scaled,team_score_final_scaled,opponent_team_score_final_scaled,largest_lead_final_scaled,ot_length_min_tot_final_scaled,rest_days_final_scaled,attendance_final_scaled,tz_dif_h_e_final_scaled,prev_game_dist_final_scaled,home_away_ns_final_scaled,travel_dist_final_scaled,fgr_2_final_scaled,fgr_3_final_scaled,ftr_final_scaled,offense_rating,defense_rating,extra_rating,OVR
abilene_christian_wildcats,32.06666666666667,15.966666666666667,27.033333333333335,9.566666666666666,17.466666666666665,13.233333333333333,16.1,1.9333333333333333,7.666666666666667,14.333333333333334,0.6,22.6,11.433333333333334,0.26666666666666666,15.966666666666667,73.86666666666666,66.6,16.9,5.799086757990867,4.141744229654631,787.3305704099822,-0.07199972041657929,720.2670146736986,0.03333333333333333,506.4814891203465,0.49922049418583625,0.35317451904739333,0.7636284819091302,West,0.37471477027443745,0.5637681159420289,0.5007936507936508,0.7972222222222223,0.4260162601626016,0.4726190476190475,0.7589254766031197,0.2148148148148148,0.4791666666666667,0.13333333333333336,0.1125,0.5230769230769231,0.5491228070175438,0.13333333333333336,0.4786666666666667,0.8032977967306325,0.25393258426966286,0.6302486187845303,0.08684863523573198,0.09589282025085406,0.08248966258902982,0.3482763261650911,0.36801028713155215,0.8141414141414143,0.2224618580322476,0.8015020358784898,0.6671074248672985,0.7636284819091304,81.90530746604497,52.704598189383645,49.60906453142505,61.40632339561788
air_force_falcons,44.193548387096776,18.29032258064516,17.0,5.032258064516129,14.064516129032258,10.387096774193548,12.806451612903226,2.064516129032258,11.161290322580646,13.161290322580646,1.1290322580645162,21.806451612903224,12.419354838709678,0.0967741935483871,17.774193548387096,62.064516129032256,58.16129032258065,11.483870967741936,5.934600088378259,3.9758815125689986,785.698550974642,-0.0022118656105628424,645.4881137139306,-0.06451612903225806,603.8136237679096,0.41595923703547005,0.28517891363561554,0.7548557187891813,West,0.7224791859389456,0.6647966339410939,0.2619047619047619,0.4193548387096775,0.3430369787568843,0.37096774193548376,0.5933918488287583,0.22939068100358423,0.6975806451612904,0.10403225806451617,0.2116935483870968,0.49255583126550856,0.6010186757215619,0.048387096774193554,0.5509677419354838,0.6422449962170713,0.15911562160202974,0.42826590625556943,0.11630513087328909,0.0602599704497796,0.0822826528947522,0.4774877842577493,0.32265100529334145,0.737047898338221,0.27230520222948784,0.6249607952947492,0.5386712813117183,0.7548557187891815,64.37350127569947,64.84496237904392,45.50783269593933,58.2420987835609
arizona_wildcats,39.53846153846154,18.96153846153846,18.576923076923077,6.423076923076923,15.961538461538462,11.307692307692308,14.384615384615385,4.0,10.5,12.961538461538462,0.8076923076923077,22.153846153846153,10.615384615384615,0.11538461538461539,17.115384615384617,68.5,57.38461538461539,17.923076923076923,5.737618545837724,4.548166418832268,4993.097079391197,-0.038461538461538464,956.6394732702449,0.19230769230769232,968.3461538461538,0.4797331894961318,0.34380406744957825,0.7097314450255627,West,0.588984558457269,0.6939799331103678,0.29945054945054944,0.5352564102564104,0.3893058161350844,0.4038461538461538,0.6727103052926277,0.4444444444444444,0.65625,0.09903846153846156,0.1514423076923077,0.5059171597633135,0.506072874493927,0.0576923076923077,0.5246153846153847,0.7300639658848614,0.15038893690579086,0.6684020399490013,0.07348730673792708,0.18320587695975704,0.6159602943561768,0.4103719071832098,0.5113887646253568,0.9393939393939394,0.4589806556506225,0.7601825427156528,0.6494076829603145,0.7097314450255628,76.05393883027304,68.54535001033737,75.96650998560655,73.52193294207231
baylor_bears,41.96969696969697,21.393939393939394,19.12121212121212,6.696969696969697,19.333333333333332,14.121212121212121,17.606060606060606,3.9393939393939394,6.696969696969697,12.606060606060606,0.24242424242424243,28.151515151515152,11.181818181818182,0.3333333333333333,14.696969696969697,77.0,60.484848484848484,22.818181818181817,5.77487200774872,3.886434148170877,3821.397909577054,-0.06060606060606061,697.1401910614052,0.12121212121212122,554.0909090909091,0.5134852186750365,0.34590853171131775,0.7423492266539942,West,0.6587054635158244,0.7997364953886692,0.3124098124098124,0.5580808080808082,0.4715447154471545,0.5043290043290043,0.8346200304605851,0.4377104377104377,0.4185606060606061,0.09015151515151515,0.045454545454545456,0.7365967365967365,0.5358851674641147,0.16666666666666669,0.42787878787878786,0.8460554371002132,0.18522301668369084,0.85095429432446,0.08158508158508161,0.041043689921499676,0.4673388492457573,0.36937156402877047,0.35398205059973975,0.8833792470156108,0.24684242581920027,0.8317479418868595,0.653382782121378,0.7423492266539943,89.36298020541622,67.285431070429,49.43772340850515,68.69537822811678
byu_cougars,43.0,23.296296296296298,22.14814814814815,7.333333333333333,14.11111111111111,10.592592592592593,20.62962962962963,4.7407407407407405,9.851851851851851,12.481481481481481,0.5555555555555556,26.88888888888889,13.37037037037037,0.07407407407407407,15.814814814814815,79.18518518518519,58.44444444444444,26.333333333333332,5.769490952139353,4.564900995912554,1592.5330758566054,-0.07492059054231417,527.6898631491248,0.1111111111111111,398.962962962963,0.5437780272668669,0.32926612412832584,0.7554964179807138,West,0.6882516188714154,0.8824476650563606,0.3844797178130512,0.6111111111111112,0.34417344173441733,0.37830687830687826,0.9865845047820785,0.5267489711934156,0.6157407407407407,0.08703703703703705,0.10416666666666669,0.688034188034188,0.6510721247563351,0.037037037037037035,0.47259259259259256,0.8758745952775805,0.16229712858926337,0.9820441988950276,0.08041540299604805,0.18680102288564032,0.18462369412972804,0.34286836673010707,0.2511971061474858,0.8754208754208754,0.16740210899615035,0.8959786560581505,0.6219471233535043,0.7554964179807139,100.0,77.51050764613395,56.15713022405217,77.88921262339537
california_baptist_lancers,35.166666666666664,19.433333333333334,28.766666666666666,8.966666666666667,15.4,10.533333333333333,19.233333333333334,4.366666666666666,9.566666666666666,14.766666666666667,0.3,30.5,8.1,0.16666666666666666,17.9,76.3,69.4,14.533333333333333,5.71917808219178,4.208410896321299,656.6754010695187,-0.11142797232124137,839.687543500879,-0.13333333333333333,777.7148396411262,0.5526786026542879,0.31600007913636763,0.6927556604694286,West,0.46361393771199505,0.7144927536231883,0.542063492063492,0.7472222222222223,0.375609756097561,0.37619047619047613,0.9164067013287118,0.48518518518518516,0.5979166666666667,0.14416666666666672,0.056249999999999994,0.8269230769230769,0.3736842105263156,0.08333333333333334,0.5559999999999999,0.8365031982942431,0.28539325842696633,0.541988950276243,0.06947890818858543,0.11021504625686603,0.06591701273249162,0.27527534436378764,0.44044822557162855,0.6828282828282829,0.3613592252453525,0.9148508022949853,0.5968890383686944,0.6927556604694287,86.07174005504883,87.57540450515695,46.787910792411,73.47835178420559
colorado_buffaloes,38.46666666666667,17.933333333333334,19.133333333333333,5.8,17.733333333333334,12.1,14.033333333333333,3.6,10.766666666666667,14.333333333333334,0.6333333333333333,24.233333333333334,12.133333333333333,0.1,17.3,65.36666666666666,56.833333333333336,15.766666666666667,5.859208523592085,3.9417442296546317,1831.2174688057041,-0.06742853148808275,400.65421016754567,0.16666666666666666,479.23333333333335,0.46192083785004545,0.3025805014940722,0.6886770088356775,West,0.5582485353068148,0.6492753623188405,0.3126984126984127,0.4833333333333334,0.43252032520325207,0.43214285714285705,0.6550548815713461,0.4,0.6729166666666667,0.13333333333333336,0.11875000000000001,0.5858974358974359,0.5859649122807016,0.05000000000000001,0.532,0.6873063255152807,0.14419475655430714,0.5879834254143647,0.09991728701406118,0.05292614223281866,0.21489905859126057,0.35673983300750417,0.17413999627911877,0.9191919191919193,0.20850820117934998,0.7224145007122168,0.5715409472665808,0.6886770088356776,73.43126430294946,73.28318801269815,46.19075469257227,64.30173566940661
colorado_state_rams,38.78125,17.78125,21.65625,7.5625,14.125,10.9375,14.3125,3.125,4.6875,9.5625,0.34375,30.71875,7.0625,0.03125,11.65625,69.1875,62.71875,14.0,5.774115296803653,3.882885215301217,1151.0327540106953,-0.15767849654015517,557.3907881282962,0.09375,463.10069802516244,0.45795706697926525,0.3458469991757026,0.7852523859737138,West,0.5672698889916744,0.6426630434782608,0.37276785714285715,0.6302083333333335,0.34451219512195125,0.39062499999999994,0.6690857885615251,0.3472222222222222,0.29296875,0.014062500000000006,0.064453125,0.8353365384615384,0.3190789473684209,0.015625,0.30625,0.7394456289978678,0.21032303370786515,0.5220994475138121,0.08142059553349876,0.040281260641908234,0.12862261677139664,0.18964299918729632,0.2692130519516453,0.8617424242424243,0.20024675189145186,0.7140100032200221,0.6532665539985494,0.7852523859737139,70.1076905817865,56.949980968454796,39.91427148701261,55.657314345751296
creighton_bluejays,33.172413793103445,17.689655172413794,27.896551724137932,10.275862068965518,11.862068965517242,8.620689655172415,20.896551724137932,2.8620689655172415,7.517241379310345,12.793103448275861,0.4482758620689655,25.24137931034483,10.655172413793103,0.034482758620689655,15.724137931034482,74.82758620689656,63.44827586206897,18.06896551724138,5.943945835301528,4.112149203090999,1346.0780011063987,0.034482758620689655,746.0560794836679,0.06896551724137931,594.1724137931035,0.5384523616520402,0.36080304375515126,0.7408757446216658,West,0.40642444735079264,0.6386806596701649,0.5213464696223318,0.8563218390804599,0.28931875525651807,0.30788177339901474,1.0,0.31800766283524906,0.4698275862068966,0.09482758620689656,0.08405172413793105,0.6246684350132626,0.5081669691470053,0.017241379310344827,0.46896551724137925,0.8164105580472025,0.2185199535063929,0.6738426366927035,0.11833661333105171,0.08953482036438001,0.15336267568078413,0.5454274839986498,0.38365338222984247,0.8422152560083596,0.26736798237920734,0.8846864939319206,0.6815168604263968,0.7408757446216659,92.23938612480666,59.10994615278993,57.57452107431914,69.64128445063857
gonzaga_bulldogs,38.84375,18.3125,18.71875,6.625,16.59375,12.8125,14.75,4.0,7.84375,14.84375,0.78125,26.46875,14.15625,0.125,15.5,69.3125,55.75,20.5,5.799086757990867,3.789135215301217,2552.9661597593586,-0.031964248270077586,755.988322032074,0.0625,884.25,0.47454872235885537,0.3479580068436966,0.7738535131452922,West,0.5690622109158188,0.6657608695652173,0.30282738095238093,0.5520833333333334,0.40472560975609756,0.45758928571428564,0.6910745233968805,0.4444444444444444,0.490234375,0.14609375000000002,0.14648437500000003,0.671875,0.6924342105263157,0.0625,0.45999999999999996,0.7411513859275054,0.13202247191011235,0.7645027624309393,0.08684863523573198,0.020140630320954117,0.3064475859091562,0.4224015696742456,0.389678068113913,0.8371212121212122,0.4159153971211995,0.7491897677864024,0.6572540129269825,0.7738535131452923,84.19010492383626,67.07872979024282,51.52199303755286,67.59694258387731
grand_canyon_lopes,41.43333333333333,17.566666666666666,18.6,5.7,17.333333333333332,12.166666666666666,11.733333333333333,2.533333333333333,12.466666666666667,16.8,0.7,21.866666666666667,13.733333333333333,0.06666666666666667,20.4,64.4,60.166666666666664,13.366666666666667,5.7724505327245055,4.208410896321299,629.8841354723708,-0.037142657440413784,843.1168406701826,0.0,587.2740778935065,0.4191152566006769,0.30774048466612347,0.7052924420870479,West,0.6433240826395312,0.6333333333333333,0.30000000000000004,0.4750000000000001,0.4227642276422764,0.4345238095238094,0.5394569612940496,0.28148148148148144,0.7791666666666667,0.19500000000000003,0.13125,0.49487179487179483,0.6701754385964911,0.03333333333333334,0.6559999999999999,0.6741151385927506,0.1816479400749063,0.4984806629834254,0.0810587262200166,0.11021504625686603,0.06251873720924722,0.41281380112398136,0.442528363883545,0.787878787878788,0.26383537588828,0.6316525944390012,0.5812875821471221,0.705292442087048,67.10650972220586,74.59850728767877,54.14158567921913,65.28220089636791
hawaii_rainbow_wahine,31.96551724137931,14.517241379310345,21.20689655172414,7.068965517241379,20.137931034482758,14.206896551724139,12.068965517241379,2.896551724137931,7.551724137931035,15.413793103448276,0.7931034482758621,25.517241379310345,10.344827586206897,0.10344827586206896,16.79310344827586,64.44827586206897,62.96551724137931,11.310344827586206,5.799086757990867,4.388011272056516,953.6133136640236,-0.000788136022154576,1762.15952775953,0.13793103448275862,2024.8275862068965,0.45671384935499676,0.3333923580295905,0.6901954237968586,West,0.3718140929535233,0.5007496251874063,0.3620689655172414,0.589080459770115,0.4911690496215307,0.5073891625615763,0.5563258232235702,0.3218390804597701,0.47198275862068967,0.1603448275862069,0.14870689655172417,0.6352785145888594,0.49183303085299446,0.05172413793103448,0.5117241379310344,0.6747739136828175,0.21309569934134054,0.4217946275481044,0.08684863523573198,0.14879920383753228,0.10358140886316991,0.48012380418642076,1.0,0.8965517241379312,1.0,0.7113739730997038,0.6297411207225598,0.6901954237968587,67.22392296544712,62.07093596845225,99.99999999999999,76.43161964463312
idaho_state_bengals,41.2,19.2,20.833333333333332,6.4,12.066666666666666,8.966666666666667,15.8,2.7666666666666666,9.166666666666666,14.266666666666667,0.4666666666666667,23.566666666666666,11.8,0.03333333333333333,17.1,66.56666666666666,63.733333333333334,13.233333333333333,5.745814307458144,4.108410896321298,1197.2174688057041,-0.13561892779758158,699.1377175043949,-0.1,626.1407445601732,0.4667804347782453,0.30973311495790967,0.7197877750044932,West,0.6366327474560594,0.7043478260869565,0.35317460317460314,0.5333333333333334,0.2943089430894309,0.3202380952380952,0.7438474870017331,0.3074074074074074,0.5729166666666666,0.1316666666666667,0.08750000000000001,0.5602564102564103,0.5684210526315788,0.016666666666666666,0.524,0.703681592039801,0.22172284644194756,0.49350828729281765,0.0752688172043012,0.08873170724784818,0.13448080907167417,0.23048605203719466,0.3551937074139472,0.7090909090909091,0.28373881940650536,0.7327184439843196,0.5850514393649405,0.7197877750044933,74.77822343567304,62.66439086691486,40.92422745157326,59.45561391805371
kansas_state_wildcats,40.03225806451613,18.903225806451612,19.258064516129032,5.516129032258065,16.612903225806452,12.548387096774194,17.06451612903226,5.32258064516129,7.548387096774194,13.612903225806452,0.3225806451612903,26.677419354838708,9.903225806451612,0.0967741935483871,15.612903225806452,66.90322580645162,60.38709677419355,16.322580645161292,5.934600088378259,4.072655706117385,3607.4558392271865,0.0,629.923429194399,0.12903225806451613,328.7096774193548,0.4715533194100766,0.2808963221325819,0.7400019119372361,West,0.603145235892692,0.6914446002805048,0.315668202764977,0.4596774193548388,0.4051927616050354,0.4481566820276497,0.8074020238161794,0.5913978494623655,0.4717741935483871,0.11532258064516132,0.06048387096774194,0.6799007444168733,0.46859083191850576,0.048387096774193554,0.4645161290322581,0.7082742967191692,0.1841246828561073,0.6087150240598824,0.11630513087328909,0.08105029852302245,0.44020186691747243,0.4815830295040782,0.31320980058475517,0.8895405669599219,0.131425720468184,0.7428385286780308,0.530581941805988,0.7400019119372362,77.04200046153777,70.58178673855826,52.511499573617954,66.71176225790465
long_beach_state_beach,38.888888888888886,18.0,18.555555555555557,5.0,15.74074074074074,11.037037037037036,14.0,3.185185185185185,11.851851851851851,13.592592592592593,0.48148148148148145,21.185185185185187,9.62962962962963,0.0,15.777777777777779,62.03703703703704,56.77777777777778,12.88888888888889,5.925080331473025,4.601938032949591,832.8664091899386,-0.0025395494047203006,505.71305963158295,-0.037037037037037035,486.7078210519481,0.46639053434877514,0.2644209256289792,0.6947938621544874,West,0.5703566656388118,0.6521739130434782,0.298941798941799,0.41666666666666674,0.3839205058717254,0.3941798941798941,0.6533795493934142,0.3539094650205761,0.7407407407407407,0.11481481481481486,0.09027777777777778,0.4686609686609687,0.4541910331384014,0.0,0.47111111111111115,0.6418700150043435,0.1435705368289638,0.48066298342541436,0.11423582391324325,0.19475781511120244,0.08826554972639605,0.47688108125829315,0.23786644720678435,0.7586980920314255,0.2123358524006652,0.7318917268786856,0.499461748410294,0.6947938621544875,67.00325009499299,65.66624587136005,54.59890314916058,62.4227997051712
montana_lady_griz,40.4,18.8,17.733333333333334,5.833333333333333,17.666666666666668,12.833333333333334,12.766666666666667,4.766666666666667,5.366666666666666,14.033333333333333,0.4,30.1,11.1,0.06666666666666667,13.933333333333334,67.93333333333334,60.6,14.466666666666667,5.745814307458144,4.108410896321298,1543.9710338680927,-0.03409519815474942,507.3084203350913,0.06666666666666667,445.60370561341995,0.4698950054325046,0.3140459817017117,0.7351473778112626,West,0.613691026827012,0.6869565217391304,0.27936507936507937,0.48611111111111116,0.43089430894308944,0.45833333333333326,0.5913922588099365,0.5296296296296296,0.33541666666666664,0.12583333333333335,0.07500000000000001,0.8115384615384615,0.5315789473684209,0.03333333333333334,0.3973333333333333,0.7223312011371714,0.18651685393258427,0.5395027624309392,0.0752688172043012,0.08873170724784818,0.17846395531298853,0.4184561390189234,0.23883415888555018,0.8404040404040405,0.19128662152594758,0.7393223578093973,0.5931979654365666,0.7351473778112627,72.88156172692456,66.55524980973989,47.592119295021575,62.34297694389534
montana_state_bobcats,40.205882352941174,17.08823529411765,22.970588235294116,7.0588235294117645,18.764705882352942,14.647058823529411,12.647058823529411,2.088235294117647,9.205882352941176,11.705882352941176,0.35294117647058826,24.58823529411765,12.794117647058824,0.0,17.323529411764707,70.0,67.82352941176471,12.764705882352942,5.899140478109052,3.7133037320482045,1118.5742371815036,-0.030756232037793103,569.8972123560435,-0.058823529411764705,466.1535981413293,0.42849058151873176,0.3132692311099471,0.7836895929115262,West,0.6081242857920226,0.612531969309463,0.4040616246498599,0.5882352941176472,0.45767575322812054,0.5231092436974789,0.5853807727597105,0.23202614379084968,0.5753676470588235,0.06764705882352942,0.06617647058823531,0.5995475113122172,0.6207430340557275,0.0,0.5329411764705883,0.7505330490405118,0.26768010575016526,0.47603184920376995,0.10859728506787335,0.003849495698142899,0.12450549199946347,0.4246381986579985,0.2767991813819216,0.7415329768270945,0.20181012817864513,0.6515313657734284,0.5917307698743445,0.7836895929115263,68.04575503729234,63.15818435888529,36.299567142301214,55.834502179492944
nebraska_cornhuskers,39.9375,20.09375,23.71875,8.4375,18.0625,13.03125,17.625,3.84375,7.375,14.125,0.375,28.9375,13.15625,0.125,16.5,78.53125,64.1875,21.5,5.799086757990867,3.757885215301217,3557.1454712566847,-0.06392849654015517,612.332072032074,0.1875,515.34375,0.5042171224453955,0.3656815428281999,0.7219971204497077,West,0.6004278445883442,0.7432065217391304,0.421875,0.7031250000000001,0.4405487804878049,0.46540178571428564,0.8355719237435009,0.4270833333333333,0.4609375,0.12812500000000002,0.0703125,0.766826923076923,0.6398026315789472,0.0625,0.5,0.8669509594882729,0.2268258426966292,0.8017955801104972,0.08684863523573198,0.013427086880636083,0.433820365774138,0.363220109844413,0.3025392596005835,0.9356060606060607,0.22700018158787266,0.812096530627534,0.6907318031199332,0.7219971204497078,90.84881166456329,72.19221518694988,47.917685161453434,70.31957067098887
nevada_wolf_pack,42.689655172413794,19.310344827586206,19.137931034482758,5.827586206896552,13.758620689655173,11.03448275862069,12.551724137931034,1.793103448275862,8.96551724137931,12.758620689655173,0.4482758620689655,23.620689655172413,11.931034482758621,0.0,16.482758620689655,67.13793103448276,62.10344827586207,11.793103448275861,5.861281687923161,4.043183685849619,989.5008297990042,-0.001576272044309152,383.22431793467166,-0.034482758620689655,383.62835644155854,0.453338598418802,0.303032823343001,0.8040406273164894,West,0.6793518134549748,0.7091454272863568,0.312807881773399,0.485632183908046,0.3355761143818335,0.3940886699507389,0.5805892547660312,0.1992337164750958,0.5603448275862069,0.09396551724137935,0.08405172413793105,0.5623342175066313,0.5753176043557168,0.0,0.4993103448275862,0.7114770972722595,0.20340953118946148,0.43979805677271855,0.10036793017883106,0.07471872449609179,0.1081334770448435,0.47866457886876335,0.1635673964674964,0.7607105538140022,0.15954932662634805,0.70421733136799,0.5723953329812241,0.8040406273164895,68.51870412073117,57.9026069762611,40.56674942536549,55.66268684078591
new_mexico_lobos,35.333333333333336,18.9,26.933333333333334,9.333333333333334,14.0,10.566666666666666,16.233333333333334,4.3,8.166666666666666,13.6,0.3,28.1,8.766666666666667,0.16666666666666666,13.066666666666666,76.36666666666666,68.63333333333334,16.066666666666666,5.799086757990867,4.108410896321298,2888.784135472371,-0.03333333333333333,625.9208768342123,0.1,460.6,0.5318199882222933,0.3471825805387544,0.752136576873419,West,0.4683934628430467,0.6913043478260869,0.4984126984126984,0.7777777777777779,0.34146341463414637,0.3773809523809523,0.765626805314847,0.47777777777777775,0.5104166666666666,0.115,0.056249999999999994,0.7346153846153847,0.40877192982456134,0.08333333333333334,0.36266666666666664,0.837412935323383,0.2767790262172285,0.599171270718232,0.08684863523573198,0.08873170724784818,0.3490436328556096,0.41986672349265897,0.3107819379356962,0.8666666666666668,0.19896615578767937,0.8706236816062839,0.6557893187954249,0.7521365768734191,82.52069020037332,69.81191469252964,51.56977972690808,67.967461539937
north_texas_mean_green,41.407407407407405,19.0,17.37037037037037,5.333333333333333,19.925925925925927,13.296296296296296,11.88888888888889,3.0,6.444444444444445,14.444444444444445,0.2962962962962963,26.185185185185187,12.296296296296296,0.07407407407407407,15.925925925925926,67.29629629629629,61.666666666666664,14.0,5.769490952139353,4.676012107023665,1302.46385422856,-0.14899466461638827,654.3426892612125,0.07407407407407407,484.670784014911,0.46206290899172303,0.30590761011027184,0.655486980073843,West,0.6425806009524788,0.6956521739130435,0.2707231040564374,0.4444444444444445,0.4859981933152665,0.47486772486772477,0.5472751781243982,0.3333333333333333,0.4027777777777778,0.13611111111111113,0.05555555555555555,0.660968660968661,0.5945419103313838,0.037037037037037035,0.47703703703703704,0.7136381584142778,0.198501872659176,0.5220994475138121,0.08041540299604805,0.21067139956232658,0.14783054106531737,0.20572102003806422,0.32802200142529825,0.8462401795735129,0.2112926949835674,0.7227157382440692,0.5778254857638468,0.6554869800738431,69.61242713097715,58.57750905954221,56.42209110796841,61.53734243282925
northern_arizona_lumberjacks,45.41935483870968,21.322580645161292,16.258064516129032,6.032258064516129,16.741935483870968,12.096774193548388,15.161290322580646,2.903225806451613,8.0,15.064516129032258,0.22580645161290322,26.129032258064516,10.741935483870968,0.1935483870967742,18.032258064516128,72.83870967741936,71.03225806451613,11.096774193548388,5.773309765797614,3.9758815125689986,595.9032258064516,0.0,499.47181629117324,0.03225806451612903,550.9677419354839,0.4703338260068612,0.3768264504390299,0.7202314176046789,West,0.7576318223866791,0.7966339410939691,0.24423963133640553,0.5026881720430109,0.40833988985051145,0.4320276497695852,0.71174596075362,0.3225806451612903,0.5,0.15161290322580648,0.042338709677419345,0.6588089330024813,0.5127334465195245,0.09677419354838711,0.5612903225806452,0.7892702386684092,0.3037332366799565,0.4138299768312244,0.08124549747858807,0.0602599704497796,0.058208508072943727,0.4815830295040782,0.2340806424936232,0.8132942326490714,0.2452430661002642,0.7402528017066191,0.7117832952737231,0.720231417604679,74.9903872156711,67.6077451901228,46.37113983639399,62.98975741406262
oklahoma_sooners,39.15625,19.6875,26.9375,9.4375,20.46875,15.625,19.09375,3.0,9.75,18.8125,0.21875,29.125,11.8125,0.0625,19.21875,83.3125,76.03125,15.40625,5.905393835616438,3.976635215301217,2319.4267212566847,-0.03125,499.08207203207405,0.15625,434.34375,0.5048912171550474,0.34776113521292307,0.7650804874862428,West,0.5780238205365403,0.7255434782608695,0.49851190476190477,0.7864583333333335,0.4992378048780488,0.5580357142857142,0.9093912478336221,0.3333333333333333,0.609375,0.24531250000000004,0.041015625,0.7740384615384615,0.5690789473684209,0.03125,0.60875,0.9321961620469084,0.3599016853932584,0.5745424723756906,0.10995657568238215,0.06042189096286235,0.27682482118017815,0.4237239926183727,0.23384423196249204,0.9109848484848486,0.1855204493843671,0.813525833047241,0.6568821442910769,0.7650804874862429,89.1734540538236,81.81702450022186,49.381525226843834,73.45733459362975
oregon_ducks,41.310344827586206,19.75862068965517,19.137931034482758,6.413793103448276,16.482758620689655,11.758620689655173,14.793103448275861,4.103448275862069,8.10344827586207,13.310344827586206,0.5172413793103449,26.689655172413794,12.551724137931034,0.06896551724137931,16.551724137931036,70.51724137931035,61.48275862068966,16.20689655172414,5.916391119508738,4.112149203090999,5033.112483865019,-0.0007881360221545776,785.3664243112541,0.06896551724137931,919.6551724137931,0.47945637179218836,0.33799939206787255,0.707322951878812,West,0.6397971227152381,0.7286356821589204,0.312807881773399,0.5344827586206897,0.4020185029436501,0.4199507389162561,0.6932409012131715,0.4559386973180077,0.5064655172413793,0.10775862068965518,0.09698275862068967,0.6803713527851458,0.6079854809437385,0.034482758620689655,0.5020689655172415,0.757591353576943,0.19643549012010852,0.6044008382549058,0.11234705228031129,0.08953482036438001,0.6210359548949829,0.48012380418642076,0.4074981965732768,0.8422152560083596,0.4340462251501264,0.7595955981685454,0.6384432961282037,0.7073229518788121,78.50320887379317,69.91229044082687,60.630922693176586,69.68214066926554
portland_pilots,41.10344827586207,21.379310344827587,19.517241379310345,5.172413793103448,18.137931034482758,12.827586206896552,18.17241379310345,5.0344827586206895,11.344827586206897,16.482758620689655,0.7241379310344828,24.82758620689655,12.586206896551724,0.06896551724137931,18.93103448275862,71.10344827586206,61.58620689655172,16.586206896551722,5.771532042198079,4.146631961711688,953.7557624930851,-0.03605903066499881,544.2588006932924,0.13793103448275862,651.007666786386,0.5238861317416554,0.2674095327692136,0.7096339944850599,West,0.6338639191042778,0.7991004497751124,0.3218390804597701,0.4310344827586208,0.44238856181665265,0.4581280788177339,0.8630849220103987,0.5593869731800766,0.709051724137931,0.1870689655172414,0.13577586206896552,0.6087533156498673,0.6098003629764064,0.034482758620689655,0.5972413793103447,0.7655907653848981,0.19759783029833394,0.618546389788531,0.08085907418499196,0.09694286829852403,0.10359947745225388,0.4148201243741917,0.2612474692603371,0.8965517241379312,0.2964730573653783,0.8538012972988307,0.5051068952307368,0.70963399448506,85.55322629668942,83.2901532196323,54.75334177585816,74.53224043072662
san_diego_toreros,43.13793103448276,18.79310344827586,16.655172413793103,5.275862068965517,19.344827586206897,13.172413793103448,14.275862068965518,2.310344827586207,13.10344827586207,18.03448275862069,0.6896551724137931,21.75862068965517,13.379310344827585,0.06896551724137931,21.620689655172413,66.58620689655173,65.62068965517241,10.310344827586206,5.74397732640529,4.112149203090999,730.8846579384104,0.0,558.1940105181507,-0.034482758620689655,402.9310344827586,0.4349581618919679,0.3169305882516576,0.6833692109047724,West,0.6922070879453892,0.6866566716641678,0.2536945812807882,0.43965517241379315,0.47182506307821703,0.4704433497536945,0.6672443674176777,0.2567049808429119,0.8189655172413793,0.2258620689655173,0.12931034482758622,0.4907161803713527,0.6515426497277675,0.034482758620689655,0.7048275862068965,0.7039482391000663,0.24292909724912823,0.3845018098685464,0.07486951313425155,0.08953482036438001,0.07532991263082857,0.4815830295040782,0.26970026947279835,0.7607105538140022,0.16943414040362542,0.6652447626370396,0.5986466666975755,0.6833692109047725,70.10592478723113,77.67491844346088,45.04195180816278,64.27426501295159
san_francisco_dons,34.935483870967744,16.806451612903224,23.741935483870968,7.806451612903226,15.193548387096774,11.161290322580646,13.903225806451612,1.967741935483871,7.032258064516129,13.580645161290322,0.3870967741935484,26.451612903225808,7.32258064516129,0.1935483870967742,16.64516129032258,68.19354838709677,68.19354838709677,12.0,5.74753277360436,3.9436234480528696,667.4278074866311,-0.06451612903225806,556.7298808073023,-0.12903225806451613,442.80645161290323,0.4840727863019293,0.32766729547609036,0.7409455495671676,West,0.45698427382053664,0.6002805049088358,0.42242703533026116,0.6505376344086022,0.3705743509047994,0.39861751152073727,0.6485156817800637,0.2186379928315412,0.43951612903225806,0.11451612903225808,0.07258064516129031,0.6712158808933002,0.3327674023769099,0.09677419354838711,0.5058064516129032,0.7258821101863951,0.27183762232693,0.4475138121546961,0.07564235972144398,0.05332986109203196,0.06728087661606788,0.3621321146432668,0.26881215970721356,0.686217008797654,0.1898541604537671,0.7693839147576957,0.6189271136770595,0.7409455495671677,69.690301088821,60.044147638734444,35.00118330996685,54.911877345840765
santa_clara_broncos,37.43333333333333,17.466666666666665,21.633333333333333,7.233333333333333,17.766666666666666,13.933333333333334,14.6,2.5,6.9,15.133333333333333,0.6,25.166666666666668,11.466666666666667,0.06666666666666667,17.366666666666667,70.56666666666666,68.63333333333334,12.7,5.745814307458144,3.975077562987965,771.6305704099822,-0.0015237296428321802,447.4043841710616,0.03333333333333333,417.4407445601733,0.465202097095017,0.34386440085023884,0.7911041222316565,West,0.5286154794942953,0.6289855072463767,0.37222222222222223,0.6027777777777779,0.43333333333333335,0.4976190476190475,0.6835355285961872,0.27777777777777773,0.43125,0.15333333333333335,0.1125,0.6217948717948718,0.550877192982456,0.03333333333333334,0.5346666666666666,0.7582658137882019,0.2767790262172285,0.4736187845303867,0.0752688172043012,0.060087255235824547,0.08049823275076876,0.4787618605566072,0.20249765186637803,0.8141414141414143,0.17686449705006574,0.7293718491550585,0.6495216460504512,0.7911041222316566,75.08829159594632,58.25036218040546,43.66725844913269,59.001970741828146
south_dakota_coyotes,40.666666666666664,20.133333333333333,19.2,6.333333333333333,14.0,10.533333333333333,14.233333333333333,3.3666666666666667,9.0,10.466666666666667,0.13333333333333333,24.266666666666666,9.866666666666667,0.06666666666666667,15.2,69.8,53.06666666666667,22.633333333333333,5.799086757990867,4.108410896321298,2226.6508021390378,-0.06819039630949884,396.32929716930363,0.1,443.30370561341994,0.49547144932093795,0.3302680941436831,0.7544818063200417,West,0.6213382670366944,0.7449275362318839,0.3142857142857143,0.5277777777777778,0.34146341463414637,0.37619047619047613,0.665106874638937,0.37407407407407406,0.5625,0.03666666666666668,0.024999999999999994,0.5871794871794871,0.46666666666666656,0.03333333333333334,0.44799999999999995,0.7478038379530917,0.10187265917603,0.844060773480663,0.08684863523573198,0.08873170724784818,0.26505687636470193,0.3553292485337687,0.1715165965621512,0.8666666666666668,0.19010880196955174,0.7935528281184153,0.6238397333825125,0.7544818063200418,79.40959570218908,63.113816378878596,45.61311239408005,62.71217482504923
south_dakota_state_jackrabbits,37.6875,19.78125,20.75,8.125,13.8125,10.1875,17.25,4.1875,6.875,12.6875,0.65625,26.84375,10.0625,0.0,13.78125,74.125,58.0625,24.21875,5.799086757990867,3.851635215301217,2297.887282754011,0.06107150345984483,459.30871609622216,0.0,390.6284740125812,0.5198369236340702,0.3867068598821651,0.7578803779953308,West,0.535904255319149,0.7296195652173912,0.35119047619047616,0.6770833333333335,0.33689024390243905,0.36383928571428564,0.8167244367417678,0.4652777777777778,0.4296875,0.09218750000000002,0.12304687500000001,0.6862980769230769,0.4769736842105262,0.0,0.39125,0.8068230277185502,0.15800561797752807,0.9031854281767956,0.08684863523573198,0.0335677172015902,0.27409270140096703,0.5946562573872352,0.20971856498436406,0.787878787878788,0.16313405504905265,0.8452156447737451,0.7304462908885341,0.7578803779953309,90.5177320889282,61.666997604440056,42.76427755968463,64.98300241768429
southern_utah_thunderbirds,43.2,19.8,17.866666666666667,5.733333333333333,18.933333333333334,13.833333333333334,13.7,4.766666666666667,6.566666666666666,14.8,0.4666666666666667,28.4,13.1,0.16666666666666666,14.533333333333333,70.63333333333334,65.76666666666667,14.9,5.71917808219178,4.108410896321298,693.9754010695186,-0.0022855944642482706,545.3710508377283,-0.1,434.1740778935066,0.45481103045386334,0.31857201896113363,0.7283844410524726,West,0.6939870490286772,0.7304347826086957,0.28253968253968254,0.47777777777777786,0.46178861788617886,0.49404761904761896,0.6383015597920276,0.5296296296296296,0.41041666666666665,0.14500000000000005,0.08750000000000001,0.7461538461538461,0.6368421052631578,0.08333333333333334,0.42133333333333334,0.759175550817342,0.24456928838951308,0.5556629834254143,0.06947890818858543,0.08873170724784818,0.07064824413167232,0.47735127608287165,0.26192213640746725,0.7090909090909091,0.18543356106906153,0.7073393714024748,0.6017471469265857,0.7283844410524727,75.09229290158538,68.43775871972164,41.99248037451004,61.84084399860568
stanford_cardinal,41.25806451612903,20.483870967741936,20.419354838709676,7.225806451612903,16.35483870967742,11.129032258064516,15.129032258064516,5.967741935483871,8.612903225806452,13.0,0.5806451612903226,28.161290322580644,13.35483870967742,0.0,15.96774193548387,73.7741935483871,56.87096774193548,21.483870967741936,5.799086757990867,3.846849254504482,3206.6060031050547,-0.09751148208524138,802.5040743556893,0.16129032258064516,955.4193548387096,0.5006045080074014,0.35844354378743293,0.6737657140070417,West,0.6382978723404256,0.7601683029453015,0.34331797235023037,0.6021505376344087,0.3988985051140834,0.39746543778801835,0.7101246715491698,0.6630824372759856,0.5383064516129032,0.10000000000000002,0.1088709677419355,0.7369727047146402,0.6502546689303904,0.0,0.4787096774193548,0.8020359034321481,0.14461761507792675,0.8011940830511495,0.08684863523573198,0.03253953301878891,0.3893570054960924,0.3010415754640847,0.41789352852430917,0.9149560117302054,0.4523609005755938,0.8044366002293847,0.67706002715404,0.6737657140070418,85.69348613877783,79.58860951215308,55.73757723463247,73.6732242951878
tarleton_state_texans,38.82142857142857,17.428571428571427,16.714285714285715,5.178571428571429,16.178571428571427,10.928571428571429,12.75,4.428571428571429,8.392857142857142,16.785714285714285,0.9642857142857143,25.714285714285715,10.892857142857142,0.25,15.0,61.32142857142857,59.214285714285715,14.857142857142858,5.770547945205479,4.259011674629963,837.5187165775402,-0.013060539795704401,712.978004828021,-0.07142857142857142,651.023840215678,0.44601182068197504,0.3090446200256572,0.6847056085319984,West,0.56842209594291,0.6273291925465837,0.2551020408163266,0.4315476190476191,0.3945993031358885,0.39030612244897955,0.5905545927209706,0.4920634920634921,0.5245535714285714,0.19464285714285715,0.18080357142857145,0.6428571428571429,0.5206766917293232,0.125,0.44,0.6321047822113921,0.1709470304975923,0.5540647198105761,0.08064516129032247,0.12108578300211781,0.08885566079317517,0.4574015813828979,0.3635889296675068,0.7316017316017317,0.29648133970508006,0.6886821535985169,0.5837509489373525,0.6847056085319985,69.82354652146205,68.83453536795443,51.45898830608239,63.37235673183295
texas_am_corpus_christi_islanders,43.86206896551724,19.551724137931036,12.89655172413793,3.2413793103448274,20.96551724137931,14.758620689655173,14.827586206896552,3.2413793103448274,10.241379310344827,17.896551724137932,0.41379310344827586,26.482758620689655,13.655172413793103,0.0,17.448275862068964,63.58620689655172,57.44827586206897,15.10344827586207,5.771532042198079,4.388011272056516,775.6732435921077,-0.03684716668715339,380.1511770753306,-0.06896551724137931,330.3218450071654,0.44568915055031466,0.23588737101441273,0.7081411250132426,West,0.7129733005837506,0.7196401799100449,0.16420361247947457,0.27011494252873564,0.511354079058032,0.5270935960591132,0.6949740034662045,0.3601532567049808,0.6400862068965517,0.22241379310344833,0.07758620689655173,0.6724137931034482,0.6660617059891105,0.0,0.5379310344827586,0.6630100727887656,0.15110422316931424,0.5632501428843589,0.08085907418499196,0.14879920383753228,0.08101101619033707,0.4133608990565342,0.1617032949551946,0.7335423197492164,0.1322513041695365,0.6879979868288539,0.44556503413833515,0.7081411250132427,74.02592346887522,75.03806677844673,42.93291327862555,63.99896784198249
texas_am_international_dustdevils,44.0,20.0,17.0,6.0,16.0,10.0,11.0,1.0,12.0,20.0,1.0,26.0,13.0,0.0,10.0,68.0,55.0,15.0,5.799086757990867,4.252326889638948,1329.1310160427809,-0.022855944642482702,469.6263050263696,0.0,381.11116840259876,0.45454545454545453,0.35294117647058826,0.625,West,0.7169287696577245,0.7391304347826086,0.2619047619047619,0.5000000000000001,0.3902439024390244,0.3571428571428571,0.5025996533795494,0.1111111111111111,0.75,0.275,0.18750000000000003,0.6538461538461539,0.6315789473684209,0.0,0.24,0.7232409381663114,0.12359550561797752,0.5593922651933702,0.08684863523573198,0.11964966798047426,0.15121307493401642,0.4392654952920126,0.21597699374122892,0.787878787878788,0.1582602860613861,0.7067762631580848,0.6666666666666667,0.6250000000000001,72.19635333030665,62.401510128971836,46.45570180725238,60.351188422176946
texas_longhorns,48.40625,22.0,13.53125,4.84375,20.15625,14.09375,12.71875,3.59375,10.03125,14.375,0.5,22.96875,14.28125,0.03125,18.53125,72.625,56.65625,21.125,5.724172374429224,4.007885215301217,3899.008188502674,0.0,892.300822032074,0.0625,579.59375,0.4539864439035202,0.34458519643542024,0.7052739527980675,West,0.8432874653098983,0.826086956521739,0.1793154761904762,0.40364583333333337,0.4916158536585366,0.5033482142857142,0.5889839688041594,0.3993055555555555,0.626953125,0.13437500000000002,0.09375,0.5372596153846153,0.6990131578947367,0.015625,0.58125,0.7863539445628999,0.14220505617977527,0.787810773480663,0.0705645161290323,0.0671354344031803,0.4771831438450083,0.4815830295040782,0.4723623149564502,0.8371212121212122,0.2599023148480607,0.7055909768003691,0.6508831488224605,0.7052739527980676,77.97641956093953,68.9259299870037,55.60882864715656,67.50372606503325
texas_state_bobcats,40.5,19.464285714285715,18.535714285714285,5.857142857142857,17.214285714285715,11.857142857142858,16.571428571428573,2.3214285714285716,8.142857142857142,16.964285714285715,0.5357142857142857,26.035714285714285,11.357142857142858,0.14285714285714285,16.892857142857142,68.35714285714286,65.21428571428571,14.25,6.099151989562948,4.259011674629963,1120.4566462948817,-0.0024488512116945757,681.978004828021,-0.17857142857142858,515.2619109002784,0.47778474382534436,0.3172352989111878,0.7165970953445628,West,0.616558741905643,0.7158385093167702,0.298469387755102,0.48809523809523814,0.4198606271777004,0.42346938775510196,0.7826194602624412,0.25793650793650796,0.5089285714285714,0.1991071428571429,0.10044642857142858,0.6552197802197801,0.5451127819548871,0.07142857142857142,0.5157142857142857,0.7281145293938472,0.23836276083467087,0.5314226519337016,0.1520737327188939,0.12108578300211781,0.12474426178775619,0.4770490079813569,0.3447849927422897,0.6471861471861473,0.22695827215651182,0.7560511972651557,0.599222231276688,0.716597095344563,78.8756225023848,64.04226808669684,45.588326427706505,62.83540567226271
uc_davis_aggies,29.74074074074074,14.185185185185185,24.14814814814815,7.962962962962963,13.703703703703704,9.62962962962963,14.592592592592593,3.4074074074074074,5.62962962962963,16.185185185185187,0.48148148148148145,29.25925925925926,9.25925925925926,0.0,14.296296296296296,61.888888888888886,58.55555555555556,13.703703703703704,5.769490952139353,4.676012107023665,1012.8439294909883,-0.0025395494047203006,594.1298229668696,0.0,404.48971617797025,0.4760002641240213,0.33054725210059244,0.6814532202717767,West,0.3080138417788742,0.48631239935587756,0.4320987654320988,0.6635802469135803,0.33423667570009036,0.34391534391534384,0.6831632325566468,0.3786008230452675,0.35185185185185186,0.1796296296296297,0.09027777777777778,0.7792022792022792,0.43469785575048725,0.0,0.4118518518518518,0.63984837716181,0.16354556803995007,0.511049723756906,0.08041540299604805,0.21067139956232658,0.11109437801580653,0.47688108125829315,0.29149816465480294,0.787878787878788,0.17023233422224127,0.752267513580208,0.6243670317455635,0.6814532202717768,74.05210547021292,61.27584430145093,57.87444719797294,64.40079898987892
uc_irvine_anteaters,38.84375,16.78125,22.125,6.78125,17.28125,13.125,12.25,3.15625,9.40625,13.8125,0.53125,24.6875,13.28125,0.0,17.21875,67.03125,60.8125,13.8125,5.749143835616438,3.976635215301217,555.7745655080214,-0.0021427448102327535,445.3516440641481,0.125,272.2222240125812,0.42745172134430787,0.30954416170969856,0.7570828374239205,West,0.5690622109158188,0.5991847826086956,0.3839285714285714,0.5651041666666667,0.4214939024390244,0.4687499999999999,0.5654246100519931,0.3506944444444444,0.587890625,0.12031250000000002,0.099609375,0.6033653846153846,0.6463815789473683,0.0,0.5287499999999999,0.7100213219616205,0.18890449438202245,0.515107044198895,0.07599255583126553,0.06042189096286235,0.05311848186353382,0.4776157606716971,0.20125250362462754,0.8863636363636365,0.10249875207101156,0.6493286406373592,0.5846945276738751,0.7570828374239206,68.8624435385562,67.26925548671178,45.98378379380766,60.70516093969188
uc_riverside_highlanders,39.88,16.0,18.2,5.44,16.6,12.36,9.44,2.0,8.12,13.8,0.56,26.52,9.72,0.04,16.12,60.68,57.56,12.12,5.799086757990867,5.050093075585558,719.96192513369,-0.0036569511427972322,660.725261005274,-0.28,534.408893472208,0.4076010726997986,0.2972425235259399,0.7413213644901059,West,0.5987789084181315,0.5652173913043478,0.29047619047619044,0.4533333333333334,0.40487804878048783,0.44142857142857134,0.42419410745233965,0.2222222222222222,0.5075,0.12000000000000004,0.10500000000000001,0.6738461538461538,0.45894736842105255,0.02,0.4848,0.6233518123667378,0.15235955056179779,0.4519889502762431,0.08684863523573198,0.2910364822066951,0.07394444409435255,0.4748122240301477,0.3318935329251693,0.5672727272727274,0.23676335499094178,0.6072387388266681,0.561458099993442,0.741321364490106,58.33721275821095,62.179953550391645,55.05989483597483,58.52568704819247
uc_santa_barbara_gauchos,34.69230769230769,15.923076923076923,19.03846153846154,5.423076923076923,17.884615384615383,12.923076923076923,13.153846153846153,2.5384615384615383,6.923076923076923,15.923076923076923,0.6923076923076923,26.653846153846153,10.423076923076923,0.0,14.807692307692308,61.03846153846154,56.92307692307692,13.73076923076923,5.768352651914295,4.7789356496014985,623.1840806252571,-0.0026372243818249272,763.1876505799657,-0.11538461538461539,418.27350647702303,0.4563999052324054,0.28460027615280675,0.7269679201098884,West,0.45001067387746396,0.5618729096989966,0.3104395604395605,0.451923076923077,0.43621013133208253,0.46153846153846145,0.6108518864151447,0.282051282051282,0.4326923076923077,0.1730769230769231,0.12980769230769232,0.6789940828402367,0.4959514170040485,0.0,0.43230769230769234,0.6282433983926522,0.14520311149524628,0.5120590735231618,0.08016797098682943,0.23278281313441332,0.06166888439774865,0.4767002370949937,0.39404502682096043,0.696969696969697,0.17729095064636458,0.7107083083382871,0.5375782993997461,0.7269679201098885,69.7084716885602,57.740598472310964,57.76169255570754,61.73692090552622
ucla_bruins,41.56,18.04,18.52,6.12,14.88,11.52,13.76,2.88,6.12,13.2,0.64,24.92,11.96,0.2,17.0,65.96,61.36,13.52,5.799086757990867,4.370093075585558,1941.5966844919787,0.28,912.3450522010548,0.12,943.0,0.4364477094069019,0.33703604055985964,0.747897471712117,West,0.6469565217391305,0.6539130434782607,0.2980952380952381,0.51,0.3629268292682927,0.41142857142857137,0.641317157712305,0.31999999999999995,0.3825,0.105,0.12000000000000001,0.6123076923076923,0.5768421052631578,0.10000000000000002,0.52,0.6954029850746268,0.1950561797752809,0.5041988950276243,0.08684863523573198,0.14494977694537461,0.22889985245377648,1.0,0.4845207162407098,0.8824242424242426,0.4460010053552236,0.668403093116244,0.6366236321686237,0.7478974717121171,70.95537054809208,56.61855625783558,83.34407225257193,70.30599968616653
unlv_lady_rebels,42.59375,21.0,18.25,6.53125,18.875,13.96875,15.15625,2.03125,6.96875,14.125,0.28125,28.4375,11.8125,0.28125,13.96875,75.5625,64.46875,16.375,5.799086757990867,3.882885215301217,1011.5204712566845,0.0,486.17582203207405,0.1875,344.1875,0.49686722092990354,0.3590295730584737,0.7308877733948781,West,0.6766015263644775,0.7826086956521738,0.2916666666666667,0.5442708333333334,0.4603658536585366,0.4988839285714285,0.7114926343154246,0.22569444444444442,0.435546875,0.12812500000000002,0.052734375,0.7475961538461537,0.5690789473684209,0.140625,0.39875,0.8264392324093817,0.22998595505617975,0.6106698895027625,0.08684863523573198,0.040281260641908234,0.11092650704653997,0.4815830295040782,0.2260155767708442,0.9356060606060607,0.1393518431316227,0.7965123228444358,0.6781669713326726,0.7308877733948782,81.66894642205045,61.524736337487894,48.89621087505408,64.02996454486413
ut_arlington_mavericks,45.851851851851855,21.77777777777778,14.333333333333334,3.962962962962963,20.88888888888889,14.518518518518519,15.555555555555555,3.5555555555555554,7.925925925925926,14.11111111111111,0.4074074074074074,27.074074074074073,10.74074074074074,0.07407407407407407,16.40740740740741,69.96296296296296,66.03703703703704,13.333333333333334,5.73989514628784,4.453789884801442,978.3703703703703,-0.07407407407407407,557.8380112972729,0.037037037037037035,504.51851851851853,0.47658547248410427,0.27210636116294873,0.6906067267055985,West,0.7700346044471855,0.8164251207729468,0.19841269841269843,0.33024691358024694,0.5094850948509485,0.5185185185185184,0.7315617176968996,0.3950617283950617,0.49537037037037035,0.1277777777777778,0.0763888888888889,0.6951566951566951,0.512670565302144,0.037037037037037035,0.49629629629629635,0.7500276395798784,0.24760715771951727,0.49723756906077354,0.0739821707563643,0.1629306462089538,0.10672165990982849,0.3444356828120354,0.2694843279600625,0.8170594837261504,0.2214566297003071,0.7535083477139329,0.513978682196681,0.6906067267055986,73.47794188608991,68.3192072323283,52.52268753090367,64.77327888310728
utah_utes,33.516129032258064,16.64516129032258,26.612903225806452,9.387096774193548,18.64516129032258,14.580645161290322,15.258064516129032,2.806451612903226,6.838709677419355,14.838709677419354,0.9032258064516129,25.580645161290324,13.35483870967742,0.3225806451612903,16.580645161290324,76.03225806451613,67.87096774193549,17.774193548387096,5.74753277360436,3.879107319020611,2480.847162325341,-0.07705003415878084,670.8589130653668,0.16129032258064516,851.3190278336832,0.4948639271417288,0.34659259476872895,0.7848529105850349,West,0.41628122109158194,0.5932678821879382,0.49078341013824883,0.7822580645161291,0.45476003147128247,0.52073732718894,0.7166098283669704,0.3118279569892473,0.4274193548387097,0.14596774193548387,0.16935483870967744,0.6377171215880894,0.6502546689303904,0.16129032258064516,0.503225806451613,0.8328495769997937,0.26821312069590436,0.6628497594011762,0.07564235972144398,0.03946964237653655,0.297299820087782,0.33892572491406947,0.33804038951097837,0.9149560117302054,0.3990515958044104,0.792264681351594,0.6546749012298213,0.784852910585035,83.8640856943877,60.84004486767542,53.538908328131555,66.08101296339822
utah_valley_wolverines,37.645161290322584,18.129032258064516,18.258064516129032,5.451612903225806,13.709677419354838,10.774193548387096,15.129032258064516,2.5806451612903225,5.774193548387097,15.161290322580646,0.6451612903225806,27.870967741935484,10.64516129032258,0.0967741935483871,15.32258064516129,63.38709677419355,60.193548387096776,13.225806451612904,5.934600088378259,4.072655706117385,882.0576160082802,-0.1011979247695128,615.5646845195316,-0.0967741935483871,502.10394634855476,0.4846910114280388,0.3033446691628555,0.795766817655862,West,0.534690101757632,0.6577840112201963,0.29185867895545314,0.45430107526881724,0.3343823760818253,0.3847926267281105,0.7101246715491698,0.2867383512544803,0.36088709677419356,0.15403225806451618,0.12096774193548387,0.7258064516129032,0.5076400679117146,0.048387096774193554,0.4529032258064516,0.6602930050209782,0.18194998187749184,0.4932275886651221,0.11630513087328909,0.08105029852302245,0.0945050934867856,0.2942161667202031,0.3045000931914809,0.7116324535679375,0.22022013825591039,0.770694755290962,0.5729843750853938,0.7957668176558621,76.4218746342515,58.18602952839022,39.401800522714225,58.00323489511864
washington_state_cougars,36.793103448275865,15.724137931034482,21.586206896551722,6.931034482758621,11.89655172413793,8.517241379310345,13.344827586206897,4.172413793103448,7.896551724137931,13.89655172413793,0.41379310344827586,23.896551724137932,11.172413793103448,0.1724137931034483,15.551724137931034,60.758620689655174,60.3448275862069,11.448275862068966,5.771532042198079,4.077666444470308,1590.880140143832,-0.03527089464284423,958.2629760353921,0.0,838.2068965517242,0.4250223197172231,0.33265083531287115,0.6955774211672578,West,0.5102555105426012,0.553223388305847,0.37110016420361247,0.5775862068965518,0.2901597981497056,0.30418719211822653,0.6204506065857885,0.4636015325670498,0.49353448275862066,0.12241379310344828,0.07758620689655173,0.5729442970822282,0.5353901996370235,0.08620689655172416,0.46206896551724136,0.6244246746562754,0.18364974815962803,0.42693846446942274,0.08085907418499196,0.0821267724302358,0.1844140313590819,0.41627934969184915,0.5123735466767678,0.787878787878788,0.3923369329131404,0.6441775104262557,0.62834046670209,0.695577421167258,66.34834085238032,62.1927132263249,56.95461608060177,61.83189005310231
wyoming_cowgirls,36.25925925925926,15.962962962962964,21.25925925925926,6.62962962962963,14.037037037037036,10.555555555555555,13.25925925925926,2.2962962962962963,5.296296296296297,12.962962962962964,0.8888888888888888,28.40740740740741,11.62962962962963,0.037037037037037035,11.444444444444445,62.370370370370374,58.592592592592595,11.962962962962964,5.769490952139353,4.527863958875517,1664.236779560309,-0.07576710701055428,626.7964896335362,-0.1111111111111111,470.41564210389623,0.4405080401270676,0.30337577425134454,0.753631456294855,West,0.49494638023777715,0.5636070853462157,0.36331569664902996,0.5524691358024691,0.34236675700090335,0.3769841269841269,0.6161499454393735,0.2551440329218107,0.33101851851851855,0.0990740740740741,0.16666666666666669,0.7464387464387464,0.5594541910331383,0.018518518518518517,0.2977777777777778,0.6464187001500435,0.1639617145235123,0.44613259668508287,0.08041540299604805,0.17884423066007815,0.19371878298765066,0.3413010506481787,0.31131306593083813,0.7003367003367005,0.20399270153922341,0.6770123292369982,0.5730431291414286,0.7536314562948551,68.97226063796309,50.81960195165708,47.98387849938581,55.92524702966865
